CustomerID,Recency,Frequency,Monetary,Target
12346,295,1,77183.6,0
12347,9,6,4085.18,1
12348,44,4,1797.24,0
12350,279,1,334.40000000000003,0
12352,5,8,2506.04,0
12353,173,1,89.0,0
12354,201,1,1079.4,0
12355,183,1,459.40000000000003,0
12356,215,2,2753.08,1
12357,2,1,6207.67,0
12358,120,1,484.86,1
12359,27,4,6372.58,0
12360,21,3,2662.06,0
12361,256,1,189.9,0
12362,5,9,4697.1900000000005,1
12363,79,2,552.0,0
12364,9,3,1002.78,1
12365,260,2,641.38,0
12370,20,4,3545.69,0
12371,14,2,1887.96,0
12372,41,3,1298.04,0
12373,280,1,364.6,0
12375,67,1,230.3,1
12377,284,2,1628.1200000000001,0
12378,99,1,4008.62,0
12379,51,2,852.24,0
12380,26,3,1684.42,1
12381,2,4,1698.3,1
12383,154,5,1850.56,0
12384,91,1,292.69,1
12386,307,2,401.9,0
12388,45,5,2494.26,1
12390,49,1,549.84,0
12393,41,4,1582.6000000000001,0
12394,33,2,1272.48,0
12395,0,11,2752.8,1
12397,5,2,2409.9,0
12398,15,1,1635.6599999999999,0
12399,88,4,1108.65,0
12401,272,1,84.3,0
12402,292,1,225.60000000000002,0
12403,19,1,427.7,0
12405,118,1,1710.39,0
12406,153,1,1621.25,1
12407,19,5,1708.12,0
12408,2,5,2888.55,0
12409,48,3,11072.67,0
12410,278,2,693.33,0
12412,44,3,1226.88,0
12413,36,3,758.1,0
12414,186,3,562.4100000000001,0
12415,6,19,119559.13,1
12417,8,8,3279.37,1
12418,82,1,668.58,0
12420,33,1,600.39,0
12421,84,3,628.5600000000001,1
12422,65,3,803.5600000000001,0
12423,70,7,1650.67,1
12424,132,2,1760.96,0
12425,47,1,777.2,0
12426,164,1,582.73,0
12427,29,2,586.08,1
12428,89,8,7548.12,1
12429,142,3,2844.88,1
12430,12,1,256.4,0
12431,5,15,6487.45,0
12432,12,5,5059.32,0
12433,12,4,7893.89,1
12434,54,2,806.14,0
12435,49,2,7829.89,0
12436,69,1,509.01,0
12437,5,15,4294.5,1
12438,109,1,890.0699999999999,1
12441,336,1,173.55,0
12444,28,4,4068.82,1
12446,26,1,1002.3100000000001,0
12447,212,1,476.49,0
12448,13,1,449.45,0
12449,61,3,2724.58,1
12450,125,2,197.88,0
12451,34,3,7847.38,1
12453,103,1,707.09,0
12454,25,1,3528.34,0
12455,42,6,2466.86,0
12456,13,3,3181.04,0
12457,35,7,2363.23,0
12458,40,2,947.4,0
12461,63,2,826.88,0
12462,272,1,762.11,1
12463,22,4,1344.78,0
12464,75,6,780.55,1
12465,138,1,440.94,1
12468,157,2,729.54,0
12471,6,24,14891.26,1
12472,1,7,6572.11,0
12473,23,3,2884.23,1
12474,19,16,6197.06,1
12475,23,1,723.38,0
12476,15,9,4822.43,1
12477,25,5,11182.05,1
12480,112,3,2144.95,1
12481,35,9,5409.52,1
12483,10,7,2078.26,1
12484,2,6,4541.72,0
12488,9,2,767.45,1
12489,305,1,334.93,0
12490,6,7,4186.03,1
12491,8,1,460.40000000000003,0
12492,32,2,263.21000000000004,0
12493,135,2,433.74,0
12494,9,6,1083.6000000000001,1
12497,51,1,1043.1,0
12498,27,1,247.25000000000003,1
12500,19,10,3640.7799999999997,1
12501,306,1,2169.39,0
12502,65,5,3723.87,0
12506,202,1,73.5,0
12507,103,3,1304.81,0
12509,253,1,176.5,0
12510,112,2,982.5699999999999,0
12512,35,2,138.03,0
12513,82,1,612.29,0
12514,236,1,1017.6800000000001,0
12515,322,1,383.7,0
12516,47,2,1312.06,0
12517,43,3,1955.9,1
12518,28,3,1230.79,1
12519,33,1,340.84000000000003,0
12520,48,5,2634.26,0
12521,112,1,599.68,0
12522,8,2,192.72,0
12523,13,10,1527.35,1
12524,33,7,4177.92,1
12526,23,2,1039.58,1
12527,51,3,348.71000000000004,0
12528,33,5,1561.8799999999999,1
12530,29,4,1662.28,0
12534,100,1,1089.18,0
12535,61,2,716.35,0
12536,12,3,12601.830000000002,0
12539,231,3,4517.69,1
12540,0,16,12511.97,1
12541,142,2,536.14,1
12544,5,1,372.7,0
12545,44,2,1000.39,0
12546,16,2,1161.5,0
12547,167,2,207.8,0
12548,135,1,95.19999999999999,0
12550,48,1,964.83,0
12551,327,1,168.0,0
12552,8,2,437.82,0
12553,27,8,2897.14,1
12556,19,2,603.71,0
12557,127,4,9000.960000000001,1
12559,280,2,561.71,0
12560,81,2,1436.31,1
12561,272,1,238.85,0
12562,25,5,2507.4700000000003,1
12564,230,1,456.90000000000003,0
12565,258,1,145.92000000000002,0
12566,55,1,351.65,0
12567,65,9,7849.9800000000005,1
12569,5,22,2966.65,1
12571,9,2,519.61,0
12572,21,1,532.74,1
12573,196,1,160.54000000000002,0
12574,285,1,218.45000000000002,0
12576,5,5,1315.83,0
12577,4,3,657.8,0
12578,299,1,1608.66,1
12579,47,1,440.42,0
12580,216,1,415.7,0
12581,9,1,197.71,0
12582,208,2,511.36,0
12583,1,13,6188.89,1
12584,9,7,1723.45,1
12585,203,2,2040.1,0
12588,8,1,214.89999999999998,0
12589,114,1,131.5,1
12590,180,2,9864.26,0
12591,286,1,452.84999999999997,0
12592,61,2,437.6,0
12593,78,3,418.1,0
12594,7,10,3338.2200000000003,0
12596,20,2,618.27,0
12597,9,3,3605.26,1
12598,40,5,1946.14,1
12599,96,6,857.04,1
12600,53,9,2219.46,1
12601,159,5,577.0600000000001,0
12602,28,1,153.12,0
12604,48,2,254.18,0
12607,29,1,1579.51,0
12609,47,3,1126.85,0
12610,13,4,1851.34,1
12611,21,1,1193.32,0
12612,43,1,704.04,0
12613,26,5,3344.38,0
12614,247,1,315.6,0
12615,6,3,1868.3400000000001,1
12616,64,2,713.3,0
12619,3,8,3242.54,1
12620,50,2,939.32,1
12621,22,18,11891.19,1
12622,201,1,180.1,0
12623,245,1,305.1,0
12624,75,2,641.13,0
12625,181,2,2683.82,0
12626,12,8,6368.51,1
12627,33,6,3911.55,1
12628,2,2,571.21,1
12630,13,1,701.79,1
12631,26,1,640.5,0
12633,28,4,2163.98,0
12635,59,2,1689.18,0
12637,36,8,6021.9,0
12638,2,1,671.69,0
12639,208,1,486.1,0
12640,51,1,764.59,1
12641,84,1,185.9,0
12642,20,2,658.41,1
12643,97,6,3344.64,0
12644,99,1,477.90999999999997,0
12645,3,4,1775.18,0
12646,18,1,731.69,1
12647,47,11,3401.67,1
12648,124,1,318.05,0
12649,76,3,623.51,0
12651,304,1,114.0,0
12652,300,1,919.98,0
12653,118,2,2209.85,0
12654,6,4,508.98,1
12656,42,4,3465.42,1
12657,11,2,660.94,1
12662,22,8,3175.28,1
12664,5,7,3681.88,1
12665,294,1,63.0,0
12667,27,1,620.13,0
12668,228,3,2924.4700000000003,1
12669,120,3,2744.0299999999997,0
12670,68,3,1634.47,1
12672,299,1,225.9,0
12673,296,1,220.9,1
12674,8,4,1970.6,0
12676,40,5,1149.73,1
12678,11,12,17628.46,0
12679,28,4,1113.02,0
12680,42,3,613.36,1
12681,0,19,11988.22,1
12682,7,25,10051.6,1
12683,19,13,7679.09,1
12684,33,5,1627.24,1
12685,20,5,2449.96,1
12686,341,1,89.14,0
12688,83,1,4873.81,0
12689,97,1,511.03000000000003,1
12690,175,1,389.01,0
12691,27,5,859.4,1
12693,96,4,855.91,0
12694,39,2,869.67,0
12695,35,3,497.0,1
12697,100,2,733.91,1
12700,35,3,3625.24,1
12701,49,2,797.71,0
12703,40,1,283.55,0
12704,5,5,1907.75,1
12705,11,6,5973.59,1
12707,261,1,603.42,0
12708,2,9,2679.91,1
12709,12,14,8857.42,1
12710,66,3,1149.02,0
12712,18,12,4163.4800000000005,1
12714,76,4,3389.7,1
12715,75,1,353.86,0
12716,102,1,677.9,1
12717,120,2,1030.98,0
12718,40,1,238.25,0
12719,34,1,283.6,1
12720,9,21,4554.16,1
12721,1,6,2656.13,0
12722,54,4,997.63,0
12723,34,2,299.40999999999997,1
12724,51,3,823.17,1
12725,340,1,427.8,0
12726,55,6,1824.6399999999999,1
12727,64,6,3337.7,1
12728,40,4,836.33,0
12729,83,1,453.01,0
12731,20,11,17398.39,1
12732,149,1,236.26000000000002,0
12733,203,1,383.95,0
12734,322,1,110.39999999999999,0
12735,284,2,779.5699999999999,0
12736,302,1,234.0,0
12738,341,1,155.35,0
12739,47,2,1013.04,0
12740,33,1,427.6,0
12743,103,2,546.43,0
12744,21,7,21279.29,0
12747,36,9,3444.78,1
12748,0,163,23403.66,1
12749,99,3,2755.23,1
12750,98,1,275.88,0
12752,50,1,4366.78,0
12753,105,5,16620.91,1
12754,205,3,3010.74,0
12755,250,2,3811.9500000000003,0
12756,56,1,112.08,0
12757,20,10,7161.6,1
12758,86,2,2791.59,0
12759,21,3,1531.44,0
12763,107,2,494.08,0
12764,286,1,1693.88,0
12766,27,6,6271.2,1
12769,208,1,1143.6,0
12770,180,1,1351.45,0
12772,29,1,892.47,0
12775,159,4,1164.68,1
12778,32,5,663.99,1
12779,7,8,3981.36,0
12781,33,2,826.74,0
12782,119,4,2078.67,1
12783,2,5,1825.33,1
12785,333,1,311.95,0
12787,61,2,344.66,1
12789,34,1,91.85,0
12790,161,1,324.92,0
12791,343,1,192.60000000000002,0
12792,226,1,400.54,0
12793,304,2,545.48,0
12794,22,2,860.41,0
12797,335,1,254.03,0
12798,13,2,3325.44,1
12802,156,1,427.58,0
12808,6,3,483.65000000000003,0
12809,147,1,489.31,0
12811,230,3,514.85,0
12812,14,1,229.64000000000001,0
12814,71,1,125.92,0
12815,117,2,1063.46,0
12816,65,2,572.2,0
12817,250,1,166.04000000000002,0
12818,231,1,1542.08,0
12820,13,3,731.99,1
12821,183,1,92.72,0
12822,40,2,948.88,0
12823,44,5,1759.5,0
12824,29,1,397.12,0
12826,41,5,1052.6200000000001,1
12827,2,2,318.7,1
12828,35,4,661.3100000000001,1
12829,306,2,293.0,0
12830,7,6,6814.64,0
12831,231,1,215.05,0
12832,1,2,383.03000000000003,0
12833,114,1,417.38,0
12834,252,1,312.38,0
12836,28,4,2612.86,0
12837,142,1,134.1,0
12838,3,2,683.13,0
12839,12,11,3763.85,1
12840,113,4,2726.77,0
12841,13,21,3581.9,1
12842,39,2,1118.99,0
12843,35,8,1702.26,0
12844,99,1,174.88,1
12845,236,4,354.09000000000003,0
12849,0,2,1050.89,0
12851,66,1,135.18,0
12852,264,1,311.55,0
12853,104,6,1957.1000000000001,0
12854,48,3,1324.5,0
12855,342,1,38.1,0
12856,8,3,1353.32,1
12857,180,2,1106.4,0
12863,21,1,521.2,0
12864,107,1,147.12,0
12865,93,1,981.38,1
12866,252,1,559.12,0
12867,65,6,3025.74,1
12868,155,6,1607.0600000000002,0
12871,53,2,380.64,0
12872,296,2,599.97,0
12873,251,1,374.0,0
12875,112,2,343.2300000000001,0
12876,27,2,2218.02,0
12877,47,10,1160.3700000000001,1
12878,205,2,854.99,0
12879,14,3,573.22,0
12881,245,1,298.0,0
12882,3,1,471.84000000000003,1
12883,58,1,291.63,1
12884,57,1,309.05,0
12885,32,3,1175.22,0
12886,37,2,1378.4,0
12888,183,2,354.12,0
12891,155,3,331.0,0
12893,0,1,188.14,0
12895,11,2,372.8,0
12897,174,2,216.5,0
12901,7,24,15224.23,1
12902,234,1,138.68,0
12904,141,1,244.69,1
12906,47,2,1936.5900000000001,1
12908,145,2,750.0,0
12909,9,5,2178.67,0
12910,33,6,2616.58,1
12912,10,1,318.06,1
12913,252,3,866.39,1
12915,118,2,363.65,0
12916,108,4,3006.15,0
12917,97,1,594.0,0
12919,1,4,777.77,1
12921,0,33,13533.0,1
12922,130,1,405.38,0
12923,33,1,176.97,0
12924,57,4,933.7,0
12925,44,1,368.31,1
12928,4,5,2062.7,0
12929,281,1,117.85,0
12930,47,2,415.8,0
12931,36,12,34440.06,1
12933,140,2,357.49,1
12935,79,4,1535.34,1
12936,47,1,798.46,1
12937,40,3,826.44,1
12939,33,8,11581.8,0
12940,24,2,913.54,0
12942,100,3,683.9,0
12944,5,2,604.51,0
12945,257,1,462.95,0
12947,113,6,1603.99,0
12948,13,6,1855.01,1
12949,0,8,4167.22,0
12951,143,5,751.78,1
12952,12,3,1090.06,1
12955,7,8,3107.92,1
12956,275,1,108.07,0
12957,41,6,2640.7200000000003,1
12962,82,1,170.54,1
12963,22,3,724.9300000000001,1
12965,58,1,771.91,0
12967,327,2,1660.9,0
12968,81,1,135.95,0
12970,291,2,23.8,1
12971,1,73,9272.36,1
12974,167,1,144.8,0
12976,181,1,738.6,0
12977,125,1,39.239999999999995,0
12980,127,9,7374.900000000001,0
12981,102,1,187.18,1
12982,212,1,390.54,0
12987,43,2,558.7,0
12988,261,1,535.32,0
12989,23,12,6440.02,1
12990,0,3,409.5,0
12991,81,1,303.56,1
12993,90,3,372.4,1
12994,89,2,645.47,1
12995,54,1,211.32,0
12997,58,3,916.39,1
12999,165,3,455.88,0
13000,76,3,534.85,0
13001,127,11,8615.42,1
13002,287,1,120.95,0
13003,75,3,149.05,0
13004,5,16,4993.93,1
13005,143,2,513.7,0
13006,25,1,81.57,0
13008,292,1,229.47,0
13011,341,1,50.550000000000004,0
13012,47,5,1205.8400000000001,1
13013,5,11,4218.1900000000005,1
13014,1,8,2845.48,1
13015,22,5,3346.28,0
13016,42,3,789.89,0
13018,0,24,6493.0,1
13021,7,7,1918.38,1
13023,33,2,689.9,0
13026,1,4,774.84,1
13027,83,6,6912.0,0
13028,14,1,355.94,1
13029,0,3,1247.5,0
13030,337,1,427.74,1
13032,21,2,1010.1800000000001,0
13033,326,1,190.55,0
13034,24,2,642.77,0
13035,43,2,921.88,0
13037,107,3,881.07,0
13038,49,3,908.46,0
13040,2,1,303.25,1
13043,242,1,516.42,0
13044,260,1,560.47,0
13045,68,1,305.28000000000003,0
13046,0,2,629.31,0
13047,1,10,3237.54,0
13048,83,3,1375.05,1
13049,33,2,656.6800000000001,0
13050,15,15,5124.51,1
13052,181,1,348.15000000000003,0
13055,47,3,1214.41,0
13058,27,2,137.70000000000002,1
13059,219,1,183.4,0
13060,223,1,307.53000000000003,0
13061,41,1,248.61,0
13062,160,1,346.98,0
13064,57,3,842.33,1
13065,342,1,205.86,0
13066,1,1,151.81,1
13067,51,1,115.46000000000001,0
13068,289,1,165.0,1
13069,22,22,3999.79,1
13070,161,1,228.8,0
13072,236,1,177.15,0
13075,99,1,919.61,0
13077,259,3,577.44,1
13078,2,22,10197.17,1
13079,44,3,172.4,1
13080,148,1,58.08,0
13081,5,9,26141.46,1
13082,95,9,3613.63,0
13083,45,1,192.39,1
13085,127,2,416.08,0
13089,1,87,50777.41,1
13090,0,12,7979.68,1
13092,40,5,477.83,0
13093,245,8,7832.47,0
13094,49,11,1774.68,1
13095,40,1,74.39999999999999,0
13097,2,10,6010.42,0
13098,12,22,22761.9,1
13099,68,1,207.36,0
13101,203,1,101.19,0
13102,11,21,5658.96,1
13103,9,1,243.94,0
13104,16,5,759.0,1
13106,102,1,76.5,0
13107,13,4,1531.6200000000001,0
13108,342,1,350.06,0
13109,29,2,786.54,0
13110,0,7,1488.67,0
13113,9,22,11569.800000000001,1
13115,26,3,1795.22,1
13116,107,1,501.14,0
13117,91,7,841.77,1
13118,177,3,799.7,1
13120,208,1,30.6,0
13121,238,1,283.73,0
13122,63,2,922.39,0
13124,59,3,3866.33,0
13126,14,7,1730.2,1
13127,47,1,259.17,0
13130,63,1,64.0,0
13131,40,2,772.2,1
13132,231,1,77.3,0
13133,243,2,109.8,0
13134,55,4,1793.58,0
13135,166,1,3096.0,0
13136,25,5,2607.61,0
13137,10,6,2507.41,1
13138,16,5,831.69,1
13139,2,6,4711.42,1
13140,77,3,423.72,0
13141,54,5,2388.75,0
13144,302,1,110.95,0
13145,9,4,618.52,0
13147,0,3,475.2,1
13148,103,10,2789.87,1
13149,75,3,1132.6200000000001,1
13151,265,1,1257.8700000000001,0
13155,2,4,971.76,0
13157,18,4,1741.22,0
13158,64,4,1201.06,0
13159,19,3,1155.29,1
13161,282,1,112.75,0
13162,91,4,1688.29,0
13165,15,2,1021.48,0
13166,252,1,417.2,0
13167,36,3,659.67,1
13168,5,4,1319.19,0
13169,33,2,712.88,0
13171,18,2,272.89,1
13173,336,1,165.94,1
13174,285,2,2108.27,1
13176,15,1,492.84,0
13177,34,1,282.45,0
13178,5,10,5418.99,1
13182,14,1,121.18,0
13183,6,8,3528.7200000000003,1
13184,100,9,1504.44,1
13185,237,1,71.4,0
13186,9,3,1575.89,0
13187,306,1,236.02,0
13189,84,1,127.0,1
13192,64,2,911.94,0
13193,30,1,117.88,0
13194,105,1,60.7,0
13196,54,2,1586.95,1
13198,90,5,3009.18,1
13199,1,29,7686.38,1
13200,43,2,627.01,1
13203,8,3,706.24,1
13207,120,1,197.52000000000004,1
13208,28,6,1223.9,0
13209,98,5,4156.08,1
13210,63,1,353.48,0
13211,64,2,886.64,1
13212,30,2,291.47,1
13213,26,5,1520.58,0
13216,237,1,333.74,0
13217,91,3,533.98,0
13218,96,1,62.64,0
13220,47,4,819.2900000000001,0
13221,209,2,847.41,0
13223,169,2,163.2,0
13224,29,2,2155.95,0
13225,29,6,5100.64,1
13226,242,1,108.21000000000001,0
13227,171,1,257.7,0
13228,50,1,358.0,0
13229,195,1,160.95,0
13230,107,12,2234.18,1
13232,67,5,1048.3,1
13233,43,2,605.12,0
13235,181,1,1031.07,0
13236,76,1,439.23,1
13238,133,2,318.85,1
13239,231,1,329.56,0
13240,65,4,663.65,0
13242,81,3,270.40000000000003,0
13243,172,1,600.07,0
13244,62,1,121.74000000000001,0
13245,20,1,430.5,0
13246,145,5,1860.99,1
13247,20,2,390.87,1
13248,94,2,465.68,0
13249,61,3,711.41,0
13253,126,2,1030.4,0
13255,343,1,225.7,1
13258,174,1,224.62,1
13259,31,1,292.32,0
13260,30,1,557.62,0
13261,238,2,944.1,0
13262,232,1,200.29,0
13263,12,31,6584.14,1
13265,22,5,2107.66,0
13266,12,10,3223.69,1
13267,5,16,3487.03,1
13268,8,8,2882.23,1
13269,35,11,3917.85,1
13270,335,1,590.0,0
13271,6,1,217.38,0
13272,0,2,276.56,0
13273,82,1,138.98,0
13276,33,2,590.9300000000001,0
13277,85,2,125.9,1
13278,10,1,542.73,0
13279,47,1,137.75,0
13280,91,3,814.86,0
13282,131,2,773.1,1
13283,29,2,93.66,0
13284,300,1,201.19,0
13285,130,3,1970.1,1
13291,125,1,361.11,0
13292,8,2,578.94,0
13294,159,2,873.74,0
13295,329,1,201.20000000000002,0
13296,106,1,87.4,0
13297,36,1,1315.3799999999999,1
13299,237,1,142.5,0
13300,138,1,371.89,0
13301,73,4,618.09,0
13302,124,1,63.75,0
13304,320,1,300.42,0
13305,62,8,1471.25,1
13307,89,1,15.0,0
13308,21,2,1099.63,1
13309,14,4,1221.91,1
13310,175,2,817.65,1
13311,119,1,490.11,1
13313,5,4,1242.64,1
13314,32,2,589.47,1
13316,6,4,5977.73,0
13317,35,6,2273.68,0
13318,6,1,302.96,1
13319,36,21,8248.58,1
13320,47,4,1548.7,0
13321,41,2,567.36,0
13323,1,2,218.0,1
13324,5,10,7121.95,0
13325,51,1,675.3,0
13327,8,8,3627.77,0
13328,285,1,1308.48,0
13329,1,2,789.0,0
13330,62,3,1140.93,0
13334,51,3,3536.82,0
13336,46,1,795.12,0
13338,127,1,487.02,0
13339,170,1,860.12,0
13340,14,7,10736.48,0
13341,230,1,775.85,0
13343,147,1,353.43,0
13344,37,3,2543.7200000000003,0
13345,257,1,389.5,0
13347,39,1,341.36,0
13348,33,1,233.76000000000002,0
13350,48,1,646.57,1
13351,35,1,373.94,0
13352,29,1,397.98,0
13354,40,1,743.53,0
13355,91,1,674.7,0
13356,49,1,768.24,0
13357,226,1,609.95,0
13358,238,1,439.03000000000003,0
13359,33,1,439.56,0
13362,22,3,2337.64,1
13363,13,1,603.82,1
13364,40,1,134.96,0
13365,3,2,2225.37,0
13366,19,1,56.16,0
13368,226,2,623.4,0
13369,335,1,308.28000000000003,0
13370,341,1,754.87,0
13372,59,1,378.64,0
13373,30,3,3312.25,0
13375,58,1,778.65,0
13376,68,3,1019.76,0
13379,37,2,435.82,1
13381,1,6,3639.31,0
13382,250,1,222.99,0
13384,0,7,4151.93,0
13385,299,1,534.57,0
13388,100,2,677.1,0
13389,44,2,580.15,1
13390,44,1,544.08,0
13391,173,1,59.8,0
13394,23,7,2217.92,1
13395,154,1,307.72,0
13396,288,1,387.27000000000004,1
13397,42,5,1544.13,0
13398,161,1,457.34000000000003,0
13402,96,2,621.23,0
13404,182,1,217.81,1
13405,43,3,572.451,0
13408,0,54,23741.18,1
13410,44,4,728.66,1
13411,76,1,213.55,0
13414,103,3,1390.5,0
13416,13,2,712.5,0
13417,174,1,236.0,1
13418,30,17,5438.81,1
13419,33,1,221.06,0
13420,119,2,159.85,0
13421,9,2,1851.08,0
13422,33,1,2626.3,0
13425,77,3,1624.21,0
13426,33,7,2708.11,1
13427,89,2,464.86,1
13429,19,3,693.0,1
13430,55,1,336.31,1
13431,36,2,1269.1,0
13434,43,2,534.24,0
13435,13,5,2531.62,1
13437,0,5,2595.64,1
13439,224,1,283.71,0
13441,61,1,296.64,0
13447,3,2,654.01,1
13448,49,5,2489.05,1
13450,58,5,1727.28,1
13451,95,4,2463.39,1
13452,228,2,590.0,0
13453,135,2,356.98,0
13455,335,1,692.94,1
13456,32,4,1309.8200000000002,1
13458,13,12,8672.64,1
13460,19,1,107.46000000000001,1
13461,8,3,1445.0,0
13462,222,1,151.5,0
13464,27,1,674.68,0
13466,153,1,307.90000000000003,0
13467,5,1,782.46,1
13468,8,33,5163.22,1
13470,68,2,165.0,0
13471,16,1,941.67,1
13473,30,2,422.64,0
13474,205,1,229.59,0
13475,160,4,1431.78,0
13476,148,2,1238.47,0
13477,7,6,1454.58,0
13479,170,2,300.95,0
13481,15,5,1804.56,0
13482,201,1,184.64000000000001,0
13483,35,1,140.34,0
13484,210,1,313.8,0
13485,202,1,454.24,0
13486,47,3,1122.41,0
13487,27,3,575.4,0
13488,12,12,8246.17,1
13489,74,4,449.52,0
13491,21,10,1215.82,0
13492,105,3,1269.84,0
13493,244,2,618.63,0
13494,281,1,316.26000000000005,0
13495,5,4,1732.23,1
13496,329,1,501.01,1
13497,252,2,348.05,0
13499,43,3,613.85,1
13500,5,2,668.8,1
13501,257,1,1340.32,0
13502,244,2,189.16000000000003,1
13503,40,1,216.85,0
13504,33,1,295.93,0
13505,42,4,4393.63,0
13506,285,2,458.52,0
13507,67,3,2022.79,1
13508,213,1,110.97,0
13509,22,6,881.62,1
13510,14,3,1449.7,1
13512,230,1,251.21,0
13513,96,1,205.1,0
13514,43,1,152.20000000000002,0
13515,42,4,891.12,0
13516,42,2,620.41,1
13517,29,3,2128.42,0
13518,55,1,659.44,0
13519,47,1,122.75,0
13520,28,6,3624.35,0
13523,2,5,3964.88,0
13524,10,5,680.1800000000001,0
13525,217,1,282.88,1
13527,3,7,2287.51,0
13529,48,2,307.76,0
13531,174,2,483.8,0
13532,3,1,210.31,0
13533,152,3,270.79,0
13534,2,24,5512.88,1
13536,22,2,824.91,1
13538,12,7,1280.85,0
13539,55,3,631.34,0
13544,9,2,291.41,0
13546,22,2,418.28,1
13548,65,2,682.41,0
13549,33,6,832.2,1
13551,288,1,91.80000000000001,0
13552,35,12,3740.07,0
13555,43,4,4149.28,0
13557,250,1,240.68,1
13558,31,2,323.25,1
13561,185,1,141.85999999999999,0
13562,51,3,1799.3300000000002,0
13563,53,2,777.53,0
13564,113,3,1749.02,0
13565,303,1,110.17999999999999,1
13566,10,2,874.71,0
13568,142,1,192.85,0
13569,337,1,118.32,1
13570,212,1,239.49,0
13571,7,10,1639.56,1
13572,175,1,1384.25,0
13573,19,2,294.40000000000003,0
13575,28,4,624.62,1
13576,20,15,5627.27,1
13577,62,3,1193.8,1
13579,338,1,164.7,1
13581,278,1,118.0,0
13583,125,1,781.03,0
13584,276,1,142.4,0
13587,33,1,712.4,0
13588,0,7,2253.32,1
13589,149,1,147.0,1
13590,21,5,1668.78,1
13591,34,3,1117.13,0
13592,5,4,247.95999999999998,0
13593,77,5,2037.0800000000002,0
13594,22,1,396.97,0
13598,16,1,180.17000000000002,0
13599,1,12,3855.09,1
13600,281,1,219.52,0
13601,14,2,693.32,0
13602,34,1,428.89,0
13606,212,2,250.42,1
13607,9,1,678.01,0
13610,23,6,1013.64,1
13611,58,3,1171.8,0
13614,58,3,1097.13,1
13615,288,1,417.69,0
13617,9,3,544.18,0
13618,143,1,177.34,0
13621,86,1,213.85,0
13623,0,5,747.78,0
13626,222,1,257.23,0
13627,28,5,1638.47,0
13629,0,10,7076.36,1
13630,45,6,1799.78,1
13631,69,11,3070.42,0
13632,12,4,1669.13,1
13634,2,5,1575.16,0
13635,37,1,1071.03,0
13636,6,5,949.12,0
13637,21,3,810.5,0
13639,43,1,1033.34,0
13642,185,1,354.8,0
13643,0,3,519.44,0
13644,14,3,1845.3400000000001,1
13645,89,1,252.1,0
13647,40,3,1275.9,1
13649,226,2,346.6,0
13650,36,5,1538.1000000000001,1
13651,4,2,94.2,0
13652,15,3,1095.08,0
13654,12,6,2707.33,0
13655,83,2,932.97,0
13656,134,2,379.65,0
13657,171,1,152.34,1
13658,54,3,2096.77,1
13659,175,2,1573.2,0
13662,55,3,897.76,0
13663,148,1,189.47,0
13666,29,3,84.65,0
13667,118,1,305.02,0
13668,1,18,5274.7300000000005,1
13669,20,2,218.55,0
13670,44,1,349.7,0
13672,270,2,186.39000000000001,0
13673,1,1,213.6,1
13675,120,2,486.82000000000005,0
13678,121,1,232.6,0
13680,8,3,3084.04,1
13681,38,2,531.08,1
13682,156,1,59.5,0
13684,255,1,67.23,0
13685,14,3,1934.45,1
13686,152,1,72.0,0
13689,32,1,910.0,0
13690,28,1,172.25,0
13692,183,2,871.58,1
13694,12,45,57069.24,1
13695,0,15,2504.13,0
13697,8,1,151.3,0
13699,124,1,308.58000000000004,0
13700,21,9,1957.02,1
13703,287,1,99.5,0
13704,16,7,1906.02,1
13705,114,2,522.68,1
13706,272,1,330.79,0
13707,236,2,806.41,0
13708,240,1,296.88,0
13709,6,11,5799.74,1
13710,1,1,180.48,0
13711,188,2,252.06,0
13712,216,1,228.84,0
13715,250,5,1079.34,0
13716,238,1,138.28,0
13717,1,6,1445.01,0
13718,215,2,306.55,0
13719,2,4,920.02,1
13720,86,4,799.9,0
13721,5,1,524.14,0
13722,101,3,2375.41,0
13723,186,1,199.85000000000002,0
13725,19,8,1980.56,0
13726,8,2,1079.66,0
13727,3,1,223.08,1
13728,6,6,1016.14,0
13730,105,2,752.6,0
13731,188,2,610.59,0
13735,12,3,2401.25,1
13736,229,1,357.53,1
13737,169,1,339.6,0
13740,210,1,350.75,0
13741,41,3,668.4300000000001,0
13742,59,11,2791.62,1
13743,58,6,1065.84,1
13744,64,2,1156.36,0
13745,131,1,300.04,0
13747,343,1,79.6,0
13748,65,5,948.25,0
13750,23,5,1647.26,0
13751,257,1,296.25,0
13752,93,6,1186.28,0
13753,257,1,741.26,0
13754,121,2,282.6,0
13755,7,4,1025.41,1
13756,5,10,3876.0800000000004,1
13758,8,6,2677.7400000000002,1
13759,2,2,659.4100000000001,0
13760,23,2,286.79,0
13761,19,2,1070.65,0
13762,188,1,306.72,0
13763,32,1,1714.96,0
13764,40,3,1521.76,0
13767,30,34,13683.68,1
13769,6,9,2478.59,1
13771,33,4,2634.45,0
13772,3,3,1132.13,0
13774,51,1,345.0,0
13777,27,28,16974.850000000002,1
13778,72,1,178.7,0
13780,140,1,116.28000000000002,1
13781,220,1,127.84,0
13782,17,5,741.94,1
13784,27,10,2424.63,1
13786,336,1,230.4,0
13787,45,2,309.04,0
13791,97,2,1516.0,0
13792,35,2,195.55,0
13798,0,51,33855.44,1
13799,86,2,688.86,0
13800,279,1,558.32,0
13801,36,1,324.8,0
13802,108,3,4599.42,0
13803,224,1,277.07,0
13804,0,7,2635.79,0
13805,21,2,924.5999999999999,0
13806,33,1,256.38,0
13807,336,1,112.6,0
13808,16,4,1518.5,1
13809,274,1,155.05,0
13810,25,2,1253.0,1
13811,153,3,814.5,0
13812,11,3,539.0,0
13813,9,4,1366.8600000000001,0
13814,61,2,1579.12,0
13815,141,2,2977.75,1
13816,33,1,371.69,1
13817,321,1,128.7,1
13819,271,3,1140.35,0
13821,114,2,385.64,0
13822,9,1,468.38,1
13823,61,1,650.42,1
13824,2,5,1698.94,0
13826,145,1,189.5,0
13827,27,3,412.05,0
13831,57,5,1795.59,1
13833,128,1,384.8,0
13835,22,3,742.91,1
13837,181,2,271.24,0
13838,87,3,479.59,1
13841,222,1,85.0,0
13842,28,9,3385.62,0
13845,34,1,312.98,0
13846,211,2,663.9300000000001,1
13848,61,3,1255.0,0
13849,21,2,1537.95,0
13850,98,1,1595.48,0
13851,65,3,2651.46,0
13853,26,1,1090.1399999999999,0
13854,6,23,7497.2,1
13856,138,3,388.5,0
13858,26,1,216.17000000000002,0
13859,295,1,201.16,0
13860,21,3,617.8100000000001,1
13862,42,7,2089.7,1
13863,217,1,305.78,0
13865,27,4,501.56,0
13866,43,1,145.67,0
13867,0,3,1015.29,0
13868,8,1,507.54,1
13869,92,4,3104.9500000000003,0
13870,9,7,2618.19,1
13871,14,12,5870.49,1
13873,89,3,389.6,0
13874,327,1,540.45,0
13875,23,5,1786.79,0
13876,33,1,122.7,0
13877,55,1,117.24,0
13878,24,1,1281.53,0
13880,21,12,2823.12,1
13881,8,15,13361.84,1
13882,12,2,683.31,1
13883,188,4,1742.78,1
13884,58,4,540.5,1
13885,158,2,506.8,0
13886,40,1,243.56,0
13887,173,1,349.55,0
13888,89,2,605.63,0
13889,62,1,416.90000000000003,0
13890,2,5,1001.91,1
13892,22,3,571.77,1
13893,267,1,821.1,0
13894,279,1,160.85,1
13895,36,3,1911.1100000000001,1
13897,19,1,311.16,0
13898,295,1,155.93,0
13899,244,1,298.5,1
13900,152,3,740.95,0
13901,41,5,2867.2000000000003,0
13904,6,2,332.64,0
13908,49,4,2369.55,0
13911,26,9,2580.91,0
13914,5,1,321.07,1
13917,19,2,272.04,0
13918,19,2,1212.8400000000001,0
13919,28,2,384.81,0
13922,321,1,172.25,0
13923,23,1,351.13,0
13924,1,3,1161.26,1
13925,62,4,678.25,0
13927,44,1,348.99,0
13928,0,3,356.67,1
13929,138,2,842.65,0
13930,27,2,337.34,0
13931,65,2,1237.53,0
13932,264,1,307.4,0
13933,78,2,608.79,0
13934,233,1,922.1,0
13936,149,1,376.58,0
13937,138,1,158.85,0
13938,4,1,71.66,0
13939,78,2,390.21,1
13940,33,3,616.3000000000001,1
13941,59,4,3859.3,1
13946,48,3,561.57,0
13947,34,1,90.60000000000001,0
13948,330,1,102.0,0
13949,9,4,1604.25,1
13950,42,2,323.66,1
13951,145,3,674.45,0
13952,187,2,3251.071,0
13953,22,6,3104.36,1
13954,40,1,227.41,1
13955,123,2,322.96,0
13956,23,4,869.92,1
13959,48,3,598.2,0
13960,41,1,128.1,1
13962,215,1,117.6,1
13963,277,4,664.54,0
13967,115,1,80.7,0
13969,7,14,6436.88,1
13971,29,7,2357.56,1
13972,40,2,190.25,0
13973,256,1,264.7,0
13974,18,1,413.59000000000003,0
13975,0,6,2526.28,0
13976,176,1,357.98,0
13978,14,1,158.99,1
13979,42,1,869.87,0
13980,29,1,200.14,0
13982,8,4,1871.81,0
13983,9,11,2474.55,1
13984,95,4,819.33,1
13985,1,11,5380.54,1
13988,13,5,3685.52,1
13989,35,2,1266.08,0
13990,182,1,311.3,0
13991,21,3,540.25,1
13993,12,9,3466.36,0
13994,9,5,2197.04,1
13995,25,4,1177.93,1
13999,34,10,3177.41,1
14000,180,1,635.66,0
14001,15,3,2043.0800000000002,0
14002,103,2,529.73,0
14004,12,7,4582.64,0
14005,45,4,977.68,1
14006,85,3,962.19,0
14009,167,2,695.61,0
14012,247,1,328.8,0
14013,79,3,473.02,0
14014,46,1,505.18,0
14015,22,1,917.34,0
14016,131,4,4341.21,0
14019,16,3,1421.6100000000001,0
14020,57,1,331.14,1
14021,124,3,631.9,0
14022,194,1,440.0,0
14023,219,1,273.14,1
14024,91,2,327.7,0
14027,30,1,104.82,0
14029,32,2,467.66,0
14030,58,7,1816.81,1
14031,18,17,14711.65,1
14032,7,8,2250.29,1
14034,126,2,473.90999999999997,1
14035,16,4,1127.7,1
14036,254,1,626.65,0
14037,145,2,147.20000000000002,0
14038,47,3,1560.38,0
14039,2,1,152.2,0
14040,10,12,3614.92,0
14041,235,1,141.41,0
14044,72,3,542.11,1
14045,78,4,1659.75,0
14046,253,1,154.99,0
14047,42,4,957.46,1
14048,274,1,409.93,0
14049,128,3,3285.39,1
14050,1,2,746.36,0
14051,0,20,12688.99,1
14053,93,2,260.25,0
14054,34,1,92.46000000000001,0
14055,75,1,725.6400000000001,0
14056,4,21,7254.9,1
14057,36,16,5578.8,1
14059,236,1,183.6,0
14060,26,17,5430.38,1
14062,41,11,9225.47,1
14064,82,4,1097.68,1
14066,236,1,152.55,0
14067,33,2,374.7,0
14068,289,1,265.85,0
14071,1,5,943.0,1
14073,1,1,151.04,0
14075,230,1,307.92,1
14076,98,1,122.47,0
14077,10,5,499.42,0
14078,71,6,1049.37,0
14079,94,1,375.1,0
14080,2,1,45.599999999999994,0
14081,271,2,934.52,0
14082,334,1,182.25,0
14083,95,7,548.92,1
14085,14,14,3538.73,1
14088,6,9,37603.05,1
14089,26,1,161.0,0
14090,294,1,76.32000000000001,0
14092,37,11,3096.59,1
14096,8,12,28401.03,1
14098,6,1,147.35,0
14099,12,10,2890.37,1
14100,107,1,194.9,0
14101,43,6,5976.79,0
14102,6,2,770.4,1
14104,123,2,216.21,0
14105,208,1,1266.23,0
14107,21,7,2703.23,0
14108,0,2,597.91,0
14109,42,1,144.2,0
14110,6,10,5032.27,1
14111,65,3,295.5,1
14112,9,6,2704.05,1
14113,47,2,926.38,1
14114,243,2,386.53,0
14116,0,4,1169.82,1
14117,113,1,90.0,0
14121,29,1,233.1,1
14124,53,1,419.58,0
14125,47,1,1295.43,1
14127,92,3,709.71,0
14128,30,2,637.5,0
14129,65,3,726.23,1
14130,288,1,483.86,0
14132,5,8,2627.9,1
14133,99,3,605.64,0
14135,1,13,4247.41,1
14138,33,1,638.21,1
14139,15,1,415.82,0
14140,1,1,540.99,1
14141,29,3,688.7800000000001,1
14142,342,1,311.81,0
14143,103,1,115.8,0
14145,16,4,3742.2,0
14146,50,4,2965.84,1
14147,47,2,483.4,0
14148,203,1,157.2,0
14149,190,1,446.62,0
14150,5,2,658.64,0
14152,44,2,621.29,0
14154,208,2,1345.62,0
14155,235,1,118.75,0
14156,2,51,111024.38,1
14157,254,1,277.17,1
14158,9,1,507.65999999999997,0
14159,10,10,3845.19,1
14161,185,3,1110.52,0
14162,143,2,289.36,0
14163,56,4,2445.91,0
14164,40,2,1631.77,0
14165,245,1,122.53999999999999,0
14167,8,4,574.84,0
14171,67,1,363.79,0
14173,14,2,243.81,1
14174,2,1,134.46,0
14175,29,3,3222.3,0
14176,266,4,576.9000000000001,0
14177,55,4,559.41,0
14178,10,5,953.95,1
14179,10,2,719.78,0
14180,27,23,4408.62,1
14184,36,1,452.89,0
14185,300,1,197.65,0
14188,0,6,2054.36,0
14189,13,12,3735.42,1
14191,7,10,3149.84,1
14193,37,2,853.39,0
14194,11,18,8719.960000000001,1
14195,171,2,1012.0,0
14196,76,1,335.52,0
14198,56,3,528.8,1
14199,187,1,185.39999999999998,0
14201,29,7,747.44,0
14205,233,1,222.9,1
14206,208,1,328.15999999999997,0
14208,64,1,151.74,0
14209,90,5,1876.33,1
14210,75,6,1905.8400000000001,0
14211,22,9,2241.1,0
14212,59,1,1070.48,0
14214,0,5,1004.38,0
14215,47,5,1343.91,1
14216,7,1,459.8,1
14217,9,14,1665.14,1
14218,12,1,169.48000000000002,0
14220,216,2,632.4000000000001,0
14221,11,9,3432.8,0
14222,146,1,683.17,0
14223,61,3,991.13,0
14224,79,4,1050.1200000000001,0
14226,40,3,1895.17,1
14227,55,9,3031.9,1
14229,21,3,1547.2,0
14231,153,3,925.71,0
14232,12,5,2048.07,0
14233,18,4,1462.72,0
14234,14,2,452.34,1
14235,44,5,3144.86,0
14236,50,2,490.86,0
14237,342,1,161.0,0
14238,295,1,146.85,0
14239,12,11,2380.85,0
14240,195,1,226.85000000000002,1
14241,153,1,213.70000000000002,0
14242,204,2,280.55,0
14243,7,9,2481.35,1
14245,189,2,1693.45,0
14246,80,3,1474.06,0
14247,247,1,136.77,0
14248,287,1,302.58,0
14250,58,1,1228.83,1
14251,27,1,1259.46,1
14256,229,2,969.0600000000001,0
14257,33,5,3099.7200000000003,0
14258,59,8,11298.380000000001,1
14259,111,1,120.0,0
14261,20,2,1163.45,0
14262,23,5,1593.75,1
14264,124,2,333.97,0
14265,78,2,530.18,0
14267,132,3,1516.24,0
14270,301,1,492.65000000000003,0
14271,195,1,112.32000000000001,0
14272,43,2,437.96,0
14273,20,4,559.97,0
14276,68,3,1119.74,0
14277,181,1,1637.43,1
14280,166,1,134.04,0
14282,1,11,3046.44,1
14284,0,2,595.25,0
14285,7,3,1554.03,1
14286,15,2,2692.85,1
14287,168,2,83.28,1
14288,182,1,426.6,0
14289,104,5,832.78,1
14290,25,4,2050.12,1
14291,27,9,3325.56,1
14292,9,7,4458.61,1
14293,116,3,739.41,1
14295,9,1,166.20000000000002,0
14297,20,3,724.95,1
14298,0,43,50889.7,1
14299,27,7,3150.55,1
14301,86,1,640.14,0
14304,192,1,383.45,0
14305,40,3,1858.96,0
14306,20,2,2093.32,0
14307,58,6,2995.7200000000003,0
14309,62,7,1633.7,1
14311,212,1,310.26,0
14312,16,6,1611.5900000000001,0
14314,76,1,120.0,0
14315,14,6,2481.13,0
14317,34,1,508.58,0
14320,176,2,477.79,0
14321,43,4,1230.59,1
14323,84,2,605.0600000000001,0
14326,211,1,183.85,0
14327,132,1,311.65000000000003,0
14329,18,5,4646.39,1
14331,93,2,462.66,0
14332,35,2,585.34,1
14333,37,1,415.2,0
14334,63,7,2328.71,1
14335,65,1,359.25,1
14336,167,3,1114.39,1
14338,130,2,588.22,0
14339,212,1,309.52000000000004,0
14340,188,1,134.7,0
14341,14,8,2182.28,0
14342,0,3,510.78000000000003,1
14344,96,8,889.9300000000001,0
14345,8,1,108.98,0
14346,90,2,1021.58,0
14348,229,1,409.57,0
14350,243,1,282.93,0
14351,134,1,51.0,0
14352,126,4,1078.96,0
14353,184,1,90.6,0
14355,335,1,174.4,0
14356,49,2,701.23,0
14357,12,1,225.77,0
14359,12,2,785.48,1
14360,1,4,2128.23,0
14364,78,8,3717.35,0
14367,0,14,8313.14,1
14368,289,1,155.0,0
14371,264,1,100.5,0
14373,327,1,76.55,0
14375,154,1,257.68,0
14377,160,2,617.05,0
14379,13,2,348.1,0
14381,21,1,202.68,0
14383,7,3,1247.69,0
14386,266,1,142.4,0
14387,2,3,1770.56,0
14388,4,7,2740.86,1
14389,34,2,1043.46,0
14390,7,6,3036.87,1
14393,187,1,67.95,0
14395,29,8,2948.72,1
14396,34,2,487.99,0
14397,11,14,1590.18,1
14400,118,1,574.7,0
14401,7,12,3697.7,1
14403,99,4,1475.81,0
14404,3,6,1474.32,0
14406,88,1,156.75,0
14407,76,6,2157.73,0
14408,64,6,2298.31,1
14409,40,6,2059.4500000000003,0
14410,61,9,1105.07,0
14411,280,1,1063.0,0
14412,12,2,770.03,0
14413,331,1,122.7,0
14414,61,7,1496.98,0
14415,12,11,4693.15,1
14416,11,1,361.0,1
14418,77,1,150.44,1
14419,8,5,841.3100000000001,1
14420,68,1,387.52,0
14421,26,2,813.11,0
14422,22,4,3551.08,1
14423,187,1,265.2,0
14426,1,8,3810.5,1
14427,19,2,363.34000000000003,0
14428,5,4,1042.97,1
14431,272,1,470.36,0
14432,7,4,1390.06,1
14434,7,5,1032.0,1
14436,68,1,89.06,0
14437,335,1,63.0,0
14438,275,1,131.9,0
14439,289,1,2661.24,0
14440,11,4,1740.43,1
14441,12,3,1407.19,1
14442,174,2,1589.82,0
14443,23,4,1420.2,0
14446,50,2,685.22,1
14447,20,4,872.47,1
14448,333,1,102.35000000000001,1
14449,33,3,714.7,1
14450,150,3,483.25,0
14451,29,2,662.59,0
14452,63,1,127.37,1
14453,159,1,119.93,0
14456,9,6,2079.79,1
14457,280,1,113.64,0
14459,124,1,1837.92,0
14460,79,3,434.34,0
14461,117,3,2103.06,0
14462,35,11,2004.02,0
14463,67,3,529.62,0
14465,216,3,1058.6200000000001,0
14466,43,6,1785.65,1
14467,15,2,311.97,1
14470,257,1,297.64,1
14472,73,8,1936.84,0
14473,43,2,234.34,0
14474,15,1,547.66,0
14475,41,3,925.85,0
14476,226,1,215.7,0
14477,20,3,964.2,1
14479,223,2,316.25,0
14481,134,2,636.51,0
14482,3,4,1429.63,1
14483,251,1,137.1,0
14484,19,1,321.92,0
14485,8,1,165.75,0
14487,10,5,1044.14,1
14488,37,1,1064.28,0
14489,176,1,463.38,0
14491,144,2,340.93,0
14493,16,2,1010.72,1
14495,20,2,123.80000000000001,0
14496,281,2,538.8100000000001,0
14497,278,1,475.37,0
14498,12,5,1957.32,0
14499,103,2,370.96000000000004,1
14500,57,3,356.85,0
14501,153,2,251.21,0
14502,2,10,2119.54,1
14503,39,2,1284.45,1
14504,16,4,673.26,0
14505,7,7,5210.45,1
14506,35,4,1515.25,1
14507,9,5,1145.58,1
14508,59,1,137.56,1
14511,2,4,1013.49,1
14512,157,2,275.28,0
14513,70,3,455.59000000000003,0
14514,30,3,1055.35,0
14515,36,3,1349.07,1
14517,2,2,330.45,0
14518,33,1,174.37,0
14520,260,1,165.0,1
14522,41,3,831.5,1
14523,77,1,241.09,0
14524,1,9,1867.68,0
14525,12,8,3335.58,1
14527,1,49,6971.04,1
14528,6,1,364.21999999999997,0
14529,29,3,620.04,0
14530,62,5,2546.12,1
14532,205,4,932.85,0
14533,29,6,1797.06,1
14534,35,15,3781.06,1
14535,29,3,2864.19,0
14536,229,1,171.8,0
14537,27,1,355.56,0
14538,34,2,388.25,0
14539,14,1,72.13,1
14540,45,2,681.53,1
14541,28,8,1461.65,0
14542,155,1,103.25,0
14543,43,14,3301.75,1
14544,330,1,1121.92,1
14546,10,4,2078.1,1
14547,2,2,968.3,1
14548,120,2,652.8,0
14549,280,1,289.24,0
14550,14,1,340.79,1
14551,173,1,125.43,1
14552,121,1,165.07,0
14553,2,4,717.79,1
14554,21,1,351.83,1
14555,26,2,324.14,0
14557,54,1,788.38,0
14560,0,19,2039.29,1
14561,45,3,1080.76,0
14562,7,13,3842.0,1
14565,65,4,3099.12,0
14566,80,1,1432.0,0
14567,26,2,1530.3600000000001,0
14570,250,2,218.06,0
14572,9,6,2697.79,1
14573,149,9,1653.42,0
14576,341,1,35.400000000000006,0
14577,133,3,646.64,1
14582,10,1,114.11,0
14583,113,4,787.64,1
14584,138,4,1042.26,0
14585,19,1,157.05,0
14586,246,1,237.35999999999999,0
14587,153,8,1473.53,1
14589,341,1,39.75,0
14591,182,1,250.22,1
14592,4,3,570.46,0
14593,168,2,339.59,1
14594,342,1,255.0,1
14595,25,4,1533.07,1
14597,161,1,165.1,1
14598,13,1,221.97,0
14600,275,1,393.33000000000004,0
14603,244,1,660.0,0
14606,1,84,10893.98,1
14607,5,11,13450.2,1
14608,55,2,790.95,1
14609,41,4,601.56,0
14616,212,3,406.08000000000004,0
14618,307,1,211.8,1
14619,215,1,394.44,0
14620,175,2,412.78000000000003,0
14621,126,3,1002.9100000000001,1
14622,154,1,320.58000000000004,0
14623,1,5,889.25,0
14624,26,2,225.85,0
14625,165,2,899.63,0
14626,34,3,2182.2,1
14628,60,2,671.96,0
14629,16,1,604.83,1
14631,20,3,1006.98,0
14632,232,1,114.56,0
14633,235,1,344.90000000000003,0
14636,5,2,609.85,0
14638,20,1,443.6,0
14639,21,6,2984.4900000000002,0
14640,28,5,1807.13,1
14642,28,1,96.12,0
14643,139,2,693.8100000000001,0
14644,37,2,830.76,0
14645,126,2,597.09,0
14646,6,61,247589.5,1
14647,170,1,243.22,0
14649,41,3,903.3,1
14651,36,2,654.6,0
14652,46,1,114.18,0
14653,1,4,1240.22,1
14655,40,2,1211.17,1
14656,138,2,291.05,0
14657,124,3,638.94,1
14658,86,1,123.14,1
14659,5,8,2380.53,1
14660,56,2,285.74,0
14662,204,3,524.86,1
14664,2,1,389.04,1
14665,30,5,1835.7,0
14667,0,22,8138.03,1
14669,211,3,1269.99,0
14670,249,2,411.53,0
14672,204,2,765.5500000000001,0
14673,7,2,678.1700000000001,1
14676,0,6,2548.2400000000002,0
14680,41,15,27586.51,1
14681,40,3,498.95,0
14682,157,2,52.0,0
14684,9,4,923.15,1
14687,76,1,628.38,0
14688,9,19,4971.0,1
14689,178,1,112.80000000000001,0
14690,13,2,371.7,0
14691,0,5,2114.33,0
14692,106,4,591.55,0
14693,233,1,172.9,0
14696,40,6,1778.41,1
14697,187,2,188.61,0
14698,17,2,617.77,1
14699,183,1,109.13000000000001,0
14700,1,3,2235.3,0
14701,142,7,1958.28,1
14702,2,14,2833.16,1
14704,8,6,1134.86,1
14705,168,1,179.0,0
14708,123,2,701.1800000000001,1
14709,0,12,4609.04,1
14710,9,2,319.23,1
14711,60,9,2365.42,1
14712,44,2,421.47,1
14713,68,9,2029.61,1
14715,64,3,594.75,1
14716,12,2,329.68,0
14719,30,3,805.34,1
14720,58,2,401.13,1
14722,116,1,187.92,0
14723,5,5,836.23,1
14727,243,1,268.58,0
14729,343,1,313.49,0
14730,34,7,1760.13,1
14731,16,3,380.02,0
14732,0,7,2238.38,1
14733,80,11,9044.2,1
14735,51,26,4347.25,1
14737,98,2,1081.75,1
14738,12,7,1314.45,0
14739,35,5,2857.36,1
14740,166,3,1448.21,0
14741,23,5,1168.39,1
14744,29,6,1011.78,1
14745,82,5,1220.26,0
14747,218,1,328.2,0
14748,93,4,1118.77,1
14752,13,1,389.64000000000004,0
14753,56,1,563.15,0
14754,14,2,638.05,0
14755,9,9,3615.19,1
14757,44,1,420.5,0
14758,114,4,1484.06,0
14759,82,2,870.85,1
14760,266,1,89.2,0
14761,28,2,255.9,0
14762,233,1,300.52,0
14764,16,1,278.3,0
14765,81,2,95.5,1
14766,50,5,2050.85,1
14768,96,1,133.20000000000002,1
14769,51,7,10332.78,1
14770,201,2,876.4200000000001,0
14772,81,1,139.26,0
14775,27,3,1011.9,0
14776,20,11,2538.2999999999997,0
14778,96,2,730.86,0
14779,250,3,386.15,0
14780,24,2,447.68,0
14782,289,1,200.10000000000002,0
14784,293,1,114.68,1
14790,89,2,364.04,1
14792,33,1,6.2,0
14794,0,5,826.69,1
14795,135,1,131.45000000000002,0
14796,26,15,7193.4800000000005,1
14798,22,3,173.74,0
14799,20,1,157.7,0
14800,17,12,4339.74,0
14801,30,1,193.14,0
14803,131,3,845.5500000000001,0
14805,22,2,253.9,1
14806,44,1,193.39000000000001,0
14808,9,8,2741.17,0
14810,10,11,2087.88,0
14813,339,2,155.43,0
14815,6,2,778.5,0
14816,166,1,271.85,0
14817,169,2,1110.34,0
14818,43,3,657.8,0
14819,33,2,272.07,0
14820,3,3,381.29,1
14821,336,1,48.800000000000004,0
14823,149,3,321.43,0
14824,2,3,811.01,1
14825,32,9,1650.8100000000002,1
14828,166,3,2139.76,0
14829,153,3,531.63,1
14830,22,1,197.13,0
14834,27,4,1195.14,1
14837,59,4,1649.5,0
14840,237,1,62.85,0
14841,22,6,3295.76,0
14842,13,4,2824.69,0
14844,33,4,3189.81,0
14847,118,1,309.40000000000003,0
14849,6,23,7127.62,1
14850,281,1,325.75,0
14851,225,1,206.13,1
14852,27,6,2836.69,0
14853,180,1,214.5,1
14854,47,7,2759.83,0
14855,88,2,645.65,0
14856,5,3,1311.38,0
14857,29,2,1173.1200000000001,0
14859,49,2,927.12,1
14861,21,1,125.79,0
14862,118,1,304.1,1
14865,341,1,37.2,1
14866,8,10,13855.34,1
14867,155,3,710.28,0
14868,2,6,2193.36,1
14869,72,1,391.31,1
14870,231,1,327.25,0
14871,147,3,354.75,1
14873,179,1,519.68,0
14875,77,2,1465.32,0
14878,5,8,1336.69,1
14880,46,3,706.19,0
14882,3,1,247.9,1
14883,9,5,666.0699999999999,1
14885,101,1,765.3199999999999,0
14886,222,1,364.8,0
14887,48,1,1862.0,0
14888,176,1,369.2,0
14889,305,1,135.9,0
14890,223,1,125.65,0
14891,117,2,554.38,0
14894,54,1,655.75,0
14895,9,16,9442.17,1
14896,174,2,468.77000000000004,0
14897,22,3,746.32,1
14898,103,5,1011.3,1
14901,1,8,1226.47,1
14903,94,4,2411.82,1
14905,127,2,616.15,0
14907,68,5,2608.1800000000003,1
14908,43,1,277.8,0
14910,1,2,316.05,1
14911,1,163,116932.36,1
14912,216,1,482.79,1
14913,5,4,1227.43,0
14915,60,2,307.48,0
14916,40,4,1268.98,0
14918,85,2,1610.15,0
14920,182,2,977.77,0
14921,170,1,903.01,1
14923,20,1,749.1,0
14924,215,1,310.05,0
14929,1,1,223.88,0
14930,78,3,2372.86,0
14931,44,3,847.65,1
14932,335,1,363.53,0
14934,51,2,1890.94,0
14935,266,1,1784.71,0
14936,3,8,8137.02,0
14937,26,3,1621.88,0
14944,46,9,4922.51,1
14947,41,2,290.82,0
14948,40,5,834.27,1
14951,48,1,311.69,0
14952,29,11,8099.49,0
14957,222,1,58.49,0
14958,116,3,499.68,0
14959,33,4,695.42,0
14960,140,1,88.3,1
14961,50,8,5899.93,1
14962,240,1,126.7,0
14963,3,3,918.74,1
14964,216,1,206.21,0
14965,65,2,599.0,0
14967,19,1,463.8,0
14970,37,4,1592.06,0
14971,4,3,1116.57,0
14972,97,1,114.77,0
14973,76,3,1314.45,0
14974,6,1,114.39,0
14975,26,1,279.94,0
14976,26,7,790.86,0
14978,41,5,1931.42,0
14981,215,1,102.12,0
14984,150,1,110.17999999999999,1
14985,167,2,296.75,0
14987,335,1,163.2,1
14988,181,1,334.54,0
14995,8,2,233.23000000000002,0
14997,15,3,546.1999999999999,0
14998,139,2,429.87,0
15000,17,1,490.52,0
15002,85,4,1641.76,0
15004,116,1,1246.32,0
15005,1,26,5787.4,1
15006,20,1,502.09,0
15007,128,1,156.91,0
15010,5,1,308.94,0
15012,23,2,423.04,0
15014,12,2,260.17,0
15016,142,1,170.04,0
15017,3,1,125.58,0
15018,8,3,496.21,0
15019,236,1,266.0,0
15021,55,6,1428.41,1
15022,16,1,353.23,1
15023,8,10,6111.12,1
15024,29,7,1067.73,1
15025,2,1,377.01,0
15026,49,3,469.0,0
15027,0,4,1066.15,0
15028,12,3,512.43,1
15030,41,2,518.28,0
15031,79,2,261.79,1
15032,225,3,4959.1,0
15033,8,8,2137.44,1
15034,39,6,3298.86,1
15035,59,1,252.73000000000002,0
15036,41,3,465.55,0
15038,28,6,705.49,0
15039,1,44,19486.44,1
15041,139,1,180.35,0
15042,168,1,135.93,0
15043,0,1,537.0,0
15044,8,16,6833.26,1
15045,121,2,735.66,0
15046,15,13,4444.88,1
15047,239,1,343.62,0
15048,34,4,384.05,0
15049,243,1,121.17000000000002,0
15050,40,2,1323.18,1
15051,18,2,1145.93,1
15052,288,1,215.78,0
15053,125,2,478.6,1
15054,9,1,168.42,1
15057,244,2,1489.5,0
15058,19,9,1644.04,1
15059,10,9,1337.72,0
15061,4,45,46967.48,1
15062,40,4,987.86,0
15063,182,1,370.79999999999995,0
15065,7,4,3158.13,0
15066,22,1,893.59,0
15067,47,3,1744.76,0
15068,15,2,553.36,0
15069,148,1,1109.53,0
15070,342,1,106.2,0
15071,63,2,982.07,0
15073,155,2,861.96,1
15074,74,1,748.87,0
15075,47,1,773.03,0
15076,142,1,880.85,0
15078,3,28,8612.470000000001,1
15079,182,4,895.61,0
15081,35,4,416.55,1
15083,226,1,88.2,0
15087,251,1,306.94,0
15088,36,1,864.19,1
15089,14,4,2182.93,1
15090,277,1,381.32,0
15091,37,1,480.71,0
15092,184,2,457.81,0
15093,86,5,4027.1,1
15095,73,4,1370.6000000000001,0
15096,12,1,219.39000000000001,0
15098,151,3,39916.5,0
15099,53,1,410.48,0
15100,303,3,876.0,0
15101,328,1,102.28,1
15103,0,2,703.36,0
15104,166,2,1027.44,0
15105,36,4,1717.57,1
15106,34,4,1302.46,1
15107,280,6,319.5,0
15108,111,4,1300.25,0
15109,215,1,484.95,0
15110,14,3,680.4,1
15111,36,2,1237.8,1
15113,23,1,2242.69,1
15114,40,9,2252.28,1
15116,27,3,1202.75,1
15117,19,3,1202.03,1
15118,103,1,244.8,0
15119,215,1,266.4,0
15120,103,1,358.82,0
15121,19,2,457.72,0
15122,83,3,1633.78,0
15123,175,1,1069.47,1
15124,161,1,90.75,1
15125,30,14,11170.48,1
15127,35,1,406.53000000000003,0
15128,29,4,1471.0,0
15129,19,11,3447.4,0
15130,139,1,330.11,0
15132,25,4,948.4300000000001,1
15133,97,3,982.42,0
15134,0,7,1236.6100000000001,1
15135,208,1,139.05,0
15136,65,1,582.9,1
15139,209,2,178.96,0
15140,21,7,2354.25,0
15142,15,1,498.74,0
15143,195,1,259.45,0
15144,12,15,5358.3,1
15145,13,3,1036.37,1
15146,134,2,1327.16,0
15147,209,1,623.5,0
15149,103,1,520.8000000000001,0
15150,2,9,5021.88,1
15152,18,9,3328.54,1
15153,0,1,329.25,0
15154,44,1,296.42,0
15156,3,1,317.8,1
15157,123,2,1505.37,1
15158,14,1,401.40000000000003,0
15159,19,25,14542.02,1
15160,326,1,158.16,0
15163,161,1,155.0,1
15164,38,3,843.05,0
15165,342,1,487.75,0
15167,290,1,163.0,0
15171,300,1,1289.5,0
15172,39,4,1247.95,1
15174,292,1,135.75,0
15175,41,1,224.14,0
15178,229,1,40.5,0
15179,23,4,1643.67,1
15180,336,1,87.5,0
15181,35,3,689.48,0
15182,123,2,622.85,0
15184,160,1,235.23000000000002,1
15185,39,1,310.62,0
15186,137,1,229.26000000000002,1
15187,0,10,2993.06,1
15189,0,35,13771.57,1
15192,89,3,1044.32,0
15193,30,1,499.32,0
15194,1,14,6909.89,1
15197,222,2,773.25,1
15198,61,2,193.64,0
15199,28,4,1268.7,0
15201,56,5,1236.54,0
15203,49,5,1517.72,1
15204,326,1,316.58,0
15205,54,2,653.24,0
15206,69,3,236.70000000000002,1
15208,0,4,662.52,1
15210,194,1,331.18,0
15211,29,2,894.4100000000001,0
15212,210,1,101.8,0
15213,288,2,328.35,0
15214,8,5,1244.55,1
15215,16,3,734.94,0
15216,57,1,96.6,0
15218,23,10,4949.21,1
15219,145,1,305.75,0
15220,21,6,1778.96,0
15221,335,1,403.25,0
15222,288,1,585.0,0
15223,195,2,755.75,0
15224,327,2,322.08,0
15225,203,1,409.40000000000003,0
15226,280,1,154.41,0
15227,6,5,1219.4,0
15228,35,4,3386.71,0
15230,208,2,429.6,0
15232,82,2,612.06,0
15234,246,1,197.0,0
15235,187,12,2247.51,0
15236,268,1,321.05,0
15237,47,3,1328.72,1
15238,64,2,772.78,1
15239,48,1,461.79,1
15240,14,5,1706.57,0
15241,36,8,1756.44,0
15243,43,1,316.68,0
15244,34,2,631.57,0
15245,103,3,2515.84,0
15246,207,2,514.15,0
15247,91,1,356.0,0
15249,1,13,6688.46,0
15251,10,10,10121.11,1
15252,5,2,740.78,0
15253,58,3,640.6,1
15254,96,1,300.36,0
15255,36,1,890.85,0
15256,118,1,98.45,0
15257,252,1,317.15,0
15258,138,2,623.16,0
15260,69,7,1810.77,0
15261,104,1,254.82,0
15262,293,1,178.95000000000002,0
15263,76,1,156.51,0
15264,33,1,393.74,0
15265,120,2,1506.1200000000001,0
15266,307,1,119.3,0
15267,12,4,1587.76,1
15270,87,5,1850.29,1
15271,6,13,2131.85,1
15272,26,2,721.94,0
15275,7,1,615.14,0
15276,35,1,135.31,0
15277,16,1,255.89999999999998,0
15279,324,1,290.51,0
15280,141,1,113.12,0
15281,28,9,2332.15,0
15286,19,1,240.55,0
15287,40,1,340.98,1
15288,12,5,2306.52,0
15289,107,2,697.98,1
15290,0,15,6405.51,1
15291,1,14,4350.18,1
15292,170,1,180.94,0
15296,20,6,3672.86,0
15297,33,1,230.46,1
15298,10,9,3834.52,1
15299,36,7,4507.01,0
15300,33,1,496.44,0
15301,20,12,5070.35,0
15303,259,1,574.02,0
15304,30,8,694.4,0
15306,33,3,1174.3500000000001,0
15307,65,1,205.3,0
15308,243,1,310.47,0
15311,4,80,52797.72,1
15312,44,4,924.85,0
15313,79,1,52.0,0
15314,168,1,327.97,0
15315,33,2,570.5,0
15316,296,1,165.0,0
15319,253,1,204.5,0
15320,13,1,267.13,0
15321,40,3,2748.31,0
15322,55,1,679.68,0
15325,73,1,162.29,0
15326,303,1,311.71,0
15327,22,1,208.75,0
15329,8,3,1049.7,0
15330,1,2,714.9599999999999,0
15332,335,4,1661.06,0
15333,177,1,1028.56,0
15334,126,3,351.67,0
15335,22,1,173.97,0
15339,35,2,574.07,0
15341,50,1,2020.52,0
15342,99,1,406.09000000000003,0
15343,56,1,364.5,0
15344,1,2,460.64,1
15345,15,1,393.54,0
15346,302,1,252.42000000000002,0
15347,335,1,201.60000000000002,0
15348,41,1,158.04,0
15349,127,2,473.81,0
15350,342,1,115.65,0
15351,2,6,1643.97,1
15353,224,2,777.02,0
15355,22,1,126.25,1
15356,0,10,2766.5,0
15358,4,20,7517.14,1
15360,9,1,427.93,0
15361,331,1,418.92,0
15363,342,1,326.0,0
15364,65,2,913.19,0
15365,51,4,1945.15,1
15366,44,2,602.51,0
15367,26,4,1877.5900000000001,0
15370,10,7,2386.05,0
15372,106,1,2007.4,0
15373,85,9,1686.9,1
15374,98,1,168.0,0
15376,9,3,1233.3600000000001,0
15379,138,7,3703.29,0
15380,16,4,1304.96,1
15381,183,2,596.85,0
15382,54,5,4709.9,1
15384,139,2,642.41,0
15385,9,1,316.88,0
15386,155,1,394.14,0
15388,239,1,140.54,0
15389,141,1,500.0,0
15392,58,2,665.46,1
15393,250,1,124.10000000000001,1
15394,47,3,1854.14,1
15395,295,1,107.45,0
15396,82,1,288.18,0
15397,259,1,94.0,0
15398,47,1,634.85,1
15399,48,1,305.17,1
15400,61,5,716.2,0
15402,118,2,626.77,0
15405,158,1,349.1,0
15406,0,2,510.71000000000004,0
15407,3,4,1056.44,0
15408,233,1,267.18,0
15410,53,8,3450.84,0
15411,39,3,991.26,1
15412,140,1,190.53,0
15414,6,2,421.50000000000006,1
15415,282,1,572.8100000000001,0
15416,34,4,3984.32,0
15417,54,1,508.8,0
15421,28,4,950.36,0
15422,292,2,97.7,0
15423,7,1,43.5,0
15424,223,2,383.34,0
15426,2,4,1001.23,1
15427,2,3,1483.14,0
15429,44,1,243.06,1
15433,183,2,533.3,0
15434,1,4,890.58,1
15436,16,2,859.32,1
15437,231,1,200.16,0
15438,100,1,156.57999999999998,0
15440,24,3,383.68,0
15442,218,1,594.0,0
15443,14,4,1677.03,1
15444,9,1,342.9,1
15445,233,1,113.5,0
15447,300,1,155.17000000000002,0
15448,282,1,494.64,0
15449,154,2,647.7,1
15452,40,2,413.33000000000004,1
15453,5,6,1253.09,1
15454,331,1,179.1,0
15456,252,3,447.22,0
15457,231,1,237.07,0
15460,323,1,216.76,0
15462,63,3,234.6,0
15464,307,1,1048.85,0
15465,31,17,6568.179999999999,1
15466,54,1,334.53,0
15467,114,2,402.56,1
15468,20,2,467.51,0
15469,19,2,538.55,0
15472,82,1,371.56,0
15473,27,5,1057.2,1
15475,46,1,454.11,0
15478,9,2,1441.42,0
15480,85,1,905.5,0
15482,5,8,4779.1,1
15483,130,4,233.81,0
15484,26,2,2030.68,1
15485,305,2,1278.63,1
15488,62,1,91.32000000000001,0
15489,27,2,790.9,1
15491,64,6,3100.09,0
15492,43,1,487.74,1
15493,2,5,2001.8,0
15494,90,1,1127.38,1
15497,289,1,970.6,1
15498,12,25,11788.8,1
15500,50,1,406.02000000000004,1
15502,36,10,9736.98,1
15503,332,1,147.09,0
15504,50,1,52.83,0
15505,22,5,3610.96,0
15506,15,2,514.41,1
15507,141,1,492.36,0
15508,158,6,1000.27,0
15510,300,1,250.0,0
15511,7,4,744.3,1
15512,125,2,121.0,0
15513,2,19,14758.22,0
15514,3,8,3147.03,1
15516,14,3,62.43,0
15517,202,1,267.03,0
15518,33,8,1942.45,0
15521,9,8,3000.2,0
15522,2,2,398.84,0
15523,53,1,412.01000000000005,0
15525,342,1,313.93,1
15526,2,2,148.44,0
15527,8,7,2249.44,1
15528,223,1,229.33,0
15529,36,10,3643.69,1
15530,119,3,1168.73,1
15532,100,3,1225.79,1
15533,51,2,554.74,1
15535,142,4,536.4,0
15537,132,1,110.92,0
15541,83,1,85.13000000000001,0
15543,257,1,127.86,0
15544,89,7,2772.37,1
15545,23,2,292.71999999999997,0
15547,9,13,4432.43,1
15549,46,3,1693.26,0
15550,75,3,433.28,1
15551,6,1,436.06,0
15552,186,1,90.12,0
15553,29,1,437.23,0
15554,247,1,217.2,0
15555,3,14,4022.15,1
15561,119,3,449.66999999999996,1
15562,321,1,134.55,0
15563,170,2,735.62,1
15565,19,2,173.16000000000003,0
15568,14,2,422.52,1
15569,73,5,1375.71,0
15570,5,10,3785.5,1
15571,3,2,398.78000000000003,1
15572,79,4,1555.29,1
15573,1,2,607.45,0
15574,147,4,702.25,0
15576,7,1,940.67,0
15577,120,3,258.88,0
15578,131,1,127.1,0
15579,38,2,348.6,0
15581,90,13,3679.9700000000003,0
15582,69,2,541.51,1
15584,17,3,581.05,1
15585,146,1,455.3,0
15587,19,4,913.68,0
15589,225,3,478.53,0
15592,16,1,388.58,0
15593,40,1,199.8,0
15594,51,3,1506.43,1
15596,70,5,1406.59,0
15597,4,1,324.57,0
15598,22,1,240.68,0
15599,173,1,448.83,1
15601,25,13,6598.16,1
15602,40,6,945.19,1
15603,48,1,48.480000000000004,0
15604,21,1,216.39000000000001,0
15605,5,5,1198.23,0
15606,30,9,2920.16,0
15607,306,1,104.76,0
15608,29,3,971.28,1
15609,153,1,298.48,0
15610,21,1,112.46000000000001,0
15611,12,11,1340.3400000000001,1
15612,5,2,195.15,0
15615,0,22,9360.65,1
15618,2,4,776.851,0
15620,26,3,1553.18,0
15622,12,9,3709.56,0
15623,110,1,301.03000000000003,0
15624,86,4,588.13,0
15625,73,4,1534.26,0
15626,44,2,675.8,0
15628,16,7,2363.36,1
15630,14,2,1186.35,0
15632,33,7,2978.96,1
15636,59,2,724.76,0
15637,22,1,223.36,0
15639,103,1,425.32,0
15640,5,13,10442.32,1
15641,74,4,1887.2,0
15643,161,3,664.0,0
15644,135,4,813.0,0
15646,127,3,447.64000000000004,0
15648,173,2,657.35,0
15649,305,2,816.0,0
15651,6,3,646.3,0
15652,60,1,337.74,0
15653,62,2,877.44,0
15655,212,1,560.6700000000001,0
15656,14,4,748.5,0
15658,159,5,1024.1000000000001,0
15659,13,1,306.45,0
15660,54,7,1256.5,1
15661,286,2,309.8,0
15663,75,1,138.14,0
15664,20,1,386.43,0
15665,137,2,2242.01,0
15667,9,1,301.32000000000005,0
15668,187,1,76.32000000000001,0
15669,9,4,684.34,0
15670,266,1,173.05,0
15671,64,5,1972.89,1
15673,57,4,2881.02,0
15674,42,5,2446.6,0
15675,50,3,323.69,0
15676,4,2,3267.84,1
15677,18,1,657.23,0
15678,22,1,352.7,0
15679,123,2,260.26,1
15680,9,2,1021.71,1
15681,152,3,703.22,1
15683,86,1,193.75,0
15687,34,6,2241.18,1
15689,89,2,254.1,0
15690,70,1,111.0,1
15691,221,1,136.8,0
15694,36,10,4716.04,1
15695,236,2,409.98,0
15696,2,8,2736.46,0
15700,141,2,696.68,0
15701,37,3,1223.2,1
15703,234,1,211.5,0
15704,109,4,2293.62,0
15705,170,1,143.1,0
15706,33,4,1060.56,0
15707,4,4,945.58,0
15708,10,7,3364.2400000000002,0
15709,253,1,133.25,0
15712,40,4,865.9100000000001,1
15713,112,2,356.7,0
15714,47,1,132.48000000000002,1
15716,115,4,1118.81,0
15717,203,1,150.3,0
15719,2,13,5045.61,0
15722,5,5,2222.56,0
15723,334,1,203.10000000000002,0
15724,170,2,218.25,0
15727,76,6,4609.29,1
15729,182,1,85.0,0
15730,35,3,1120.88,0
15732,181,2,294.12,0
15733,252,1,162.3,0
15734,84,2,1339.45,0
15737,48,6,1081.51,1
15738,12,15,4495.52,1
15739,35,1,449.12,0
15740,18,1,154.88,0
15743,6,3,571.61,1
15744,47,1,34.8,0
15745,3,3,917.2800000000001,1
15746,103,1,196.88,0
15747,89,2,549.47,1
15748,9,1,149.31,0
15749,204,3,44534.3,0
15750,7,6,1937.95,1
15752,9,7,2637.38,0
15753,274,1,79.2,0
15754,20,3,458.57,0
15755,43,5,2076.7400000000002,1
15756,30,4,532.96,0
15757,35,2,714.42,0
15759,187,3,253.04000000000002,0
15762,34,2,583.75,0
15763,1,2,1086.92,0
15764,57,6,3279.9700000000003,0
15766,33,1,315.06,0
15768,85,3,621.83,0
15769,0,25,52848.72,1
15774,38,1,270.8,0
15775,214,1,104.9,0
15776,102,1,241.62,0
15777,210,4,1047.1100000000001,0
15780,153,3,475.28000000000003,0
15781,107,2,211.3,1
15782,19,2,2164.34,1
15785,2,5,2328.9700000000003,0
15786,15,3,4932.2,0
15787,30,1,492.05,1
15789,327,1,351.3,0
15791,13,2,1612.69,0
15793,9,2,612.0,1
15795,119,1,610.01,0
15796,41,6,1887.71,1
15797,82,4,2207.4,0
15799,45,3,884.14,0
15800,76,2,699.08,0
15801,15,3,1063.95,0
15802,112,1,451.42,0
15803,20,1,415.82000000000005,0
15804,6,10,3535.95,1
15805,1,16,5158.08,1
15806,15,3,784.58,0
15807,19,3,903.9,0
15808,275,4,3734.9700000000003,0
15809,5,5,515.77,0
15810,48,4,1391.98,0
15811,75,5,1773.8,1
15812,76,5,1801.14,0
15813,177,2,1303.9099999999999,0
15814,5,3,1577.19,1
15815,33,5,2100.6,0
15819,18,4,1905.45,0
15820,289,1,206.98,0
15821,13,2,570.96,0
15822,328,1,440.2,1
15823,341,1,15.0,0
15825,141,1,532.94,0
15826,25,3,1654.31,0
15827,42,14,1836.09,0
15829,68,2,636.14,0
15830,7,1,576.0,0
15831,27,3,801.76,0
15832,223,1,836.79,0
15834,39,4,2233.75,0
15835,13,4,954.09,0
15836,19,1,137.37,0
15837,34,1,391.98,0
15838,34,14,28333.58,1
15839,2,3,1048.49,0
15840,28,2,355.56,0
15841,42,4,1224.06,0
15843,273,1,118.95,0
15844,15,1,130.73999999999998,0
15845,5,7,3410.48,1
15847,7,2,389.27,0
15850,137,1,118.88,1
15852,156,2,160.71,0
15853,21,1,110.8,0
15854,56,10,2839.94,1
15855,106,5,712.24,0
15856,14,21,13276.87,1
15858,29,4,1247.84,1
15860,10,8,977.21,0
15861,15,4,1693.74,1
15862,81,3,659.73,1
15863,162,1,9.2,1
15864,36,4,1478.4,1
15865,10,3,895.13,0
15866,70,1,230.53,0
15867,39,13,3307.62,1
15869,246,2,149.64,0
15870,2,1,354.09000000000003,0
15874,33,7,4405.88,0
15880,338,1,343.28,0
15881,281,5,501.39,0
15882,168,4,516.36,0
15883,2,1,143.76,1
15885,62,3,379.35,0
15886,29,1,181.09,0
15888,50,1,168.31,0
15889,126,2,446.87,0
15891,196,1,524.52,0
15894,222,2,263.55,0
15895,119,1,179.17,0
15897,163,2,222.05,0
15898,196,4,1002.99,1
15899,338,1,56.25,0
15901,47,2,233.35,1
15903,39,4,2520.36,1
15906,37,5,1388.2,1
15907,146,2,529.52,1
15909,143,1,191.94,0
15910,34,6,851.77,1
15912,147,2,264.62,0
15916,46,6,967.4300000000001,1
15917,217,1,123.1,0
15918,160,2,334.23,0
15919,338,1,270.72,1
15920,123,4,167.5,0
15921,142,1,336.03000000000003,0
15922,342,1,369.5,0
15923,342,1,127.08,0
15925,163,1,207.15,0
15930,36,1,426.63,0
15932,57,7,2195.65,1
15933,40,2,728.27,1
15935,208,2,416.86,0
15937,33,1,145.35000000000002,0
15938,81,5,404.58000000000004,0
15939,59,15,6115.01,0
15940,280,1,35.8,0
15942,103,1,337.44,0
15944,246,1,325.1,0
15945,334,1,181.0,0
15947,52,1,1708.24,0
15948,13,1,644.24,1
15949,40,1,237.04000000000002,1
15950,1,4,1765.51,0
15951,255,1,375.17,1
15952,3,4,806.57,0
15953,16,6,1239.6399999999999,1
15955,12,13,3845.28,1
15957,1,1,428.89,0
15958,43,1,104.35,0
15963,14,1,280.04,1
15965,336,1,156.19,1
15967,288,1,173.8,1
15969,19,2,531.1,1
15970,273,1,314.09999999999997,0
15971,22,11,3995.85,1
15973,336,1,307.82000000000005,0
15974,8,7,3442.15,0
15975,53,1,371.01,0
15976,134,2,430.94,0
15977,8,1,355.63,1
15978,46,1,1098.78,0
15980,58,3,2398.86,0
15981,46,7,2849.88,1
15983,330,3,1148.27,1
15984,40,8,2091.96,1
15985,92,2,1142.42,0
15987,90,6,1206.42,1
15990,13,2,792.11,0
15993,2,3,1725.36,1
15994,24,1,427.07,0
15996,57,6,1060.68,0
15998,6,5,3089.97,0
16003,104,3,1793.9,1
16005,152,2,298.08,1
16006,180,1,101.4,0
16007,17,4,1701.94,0
16008,44,2,330.71,1
16009,1,3,933.71,1
16010,215,3,407.5,0
16011,13,14,2712.59,1
16012,4,3,1415.29,0
16013,14,42,31053.76,1
16014,7,3,662.38,0
16015,18,1,300.77,1
16016,5,6,1213.68,1
16017,16,1,211.88,0
16018,8,2,408.9,0
16019,16,9,3786.24,0
16020,34,1,518.8,1
16022,229,1,628.28,0
16023,15,3,719.81,0
16026,12,1,236.09,0
16027,61,6,934.62,0
16029,8,63,81024.84,0
16030,279,1,331.24,0
16031,61,2,548.94,0
16033,2,19,8394.53,1
16034,165,3,437.70000000000005,0
16036,56,2,758.9200000000001,0
16037,239,3,855.02,0
16038,146,2,393.33,1
16040,34,3,1313.55,0
16041,0,3,3166.4,0
16042,26,4,892.8,1
16043,6,4,773.99,0
16045,89,4,1340.7,0
16048,342,2,256.44,0
16049,9,3,1111.79,0
16050,143,1,137.9,0
16052,23,1,362.06,0
16053,2,2,1511.95,0
16054,114,1,783.9,0
16055,190,1,134.8,0
16056,14,1,664.85,0
16057,65,6,1544.23,1
16059,35,6,1459.8600000000001,0
16062,102,3,778.14,1
16063,229,1,335.32,0
16065,334,1,372.09,0
16066,1,4,1248.52,1
16070,1,1,686.85,1
16071,14,1,326.24,0
16072,257,1,584.3199999999999,0
16073,266,1,122.4,0
16076,22,8,1887.5700000000002,1
16078,253,1,79.2,0
16079,9,1,508.22,1
16080,51,2,217.16,0
16081,25,5,2806.9,0
16083,70,2,1317.62,0
16084,268,1,436.18,0
16085,27,4,739.98,1
16086,28,5,1121.39,0
16091,124,2,315.06,0
16092,84,3,817.86,0
16093,76,1,17.0,0
16094,188,1,252.1,1
16096,233,1,320.62,0
16097,209,1,185.04999999999998,0
16098,57,7,2005.63,0
16099,19,3,731.9,0
16101,40,1,1290.7,0
16102,11,3,1842.14,0
16103,49,5,1413.14,1
16104,31,1,302.36,0
16105,218,1,336.96,0
16106,35,1,108.38,0
16107,11,5,2307.52,1
16108,54,1,842.5,0
16109,188,2,611.88,0
16110,14,3,1337.48,0
16112,112,4,195.74,0
16113,152,1,161.38,0
16114,140,1,135.75000000000003,0
16115,10,7,1518.96,1
16116,181,1,612.78,0
16117,159,1,232.21,0
16119,42,1,309.48,1
16120,28,4,1309.14,0
16121,26,2,867.11,0
16122,42,4,684.42,0
16123,21,1,307.78000000000003,0
16124,286,1,249.0,0
16125,336,1,289.35,0
16126,71,3,3706.7,1
16127,8,1,656.25,0
16128,6,4,1690.5800000000002,1
16131,21,6,3506.54,0
16133,9,28,12979.52,1
16134,328,1,283.53000000000003,1
16135,232,1,517.55,0
16136,29,3,709.38,0
16139,81,2,306.37,1
16140,35,2,725.1800000000001,0
16141,57,1,620.4,0
16142,219,1,535.34,0
16143,77,5,1949.3600000000001,1
16144,216,1,175.2,0
16145,9,10,3432.1,1
16146,126,3,734.13,0
16147,103,1,375.0,0
16148,265,1,76.32000000000001,0
16149,111,1,163.68,1
16150,12,5,2053.02,0
16152,238,1,1829.04,0
16153,19,5,1824.23,0
16156,19,7,2410.4300000000003,1
16157,42,1,168.32,1
16159,251,1,348.2,0
16160,34,2,1025.44,0
16161,28,15,4300.88,1
16162,221,1,37.4,0
16163,201,2,856.6,0
16164,12,1,245.36,1
16168,3,22,3329.34,1
16169,9,2,904.8000000000001,1
16170,20,6,1885.05,0
16171,28,1,73.19999999999999,0
16172,64,5,1140.21,0
16173,7,5,1119.47,1
16174,95,3,1009.55,0
16175,63,4,1037.5900000000001,0
16177,19,1,331.95,0
16178,107,1,197.9,0
16179,30,1,215.83,0
16180,69,8,10254.18,0
16181,42,1,305.54,0
16182,41,4,6617.65,0
16183,36,1,338.71000000000004,0
16184,33,6,1158.79,0
16185,202,1,335.0,1
16186,15,11,3594.14,1
16187,1,15,6911.4400000000005,0
16188,14,4,981.86,0
16189,54,1,144.48,1
16190,9,1,215.08,0
16191,21,10,4082.26,1
16193,206,1,314.45,0
16198,44,1,400.68100000000004,0
16200,133,1,550.57,1
16201,14,2,782.83,1
16202,330,1,365.27,0
16203,28,4,592.9,0
16205,0,4,761.38,0
16206,24,4,537.0600000000001,0
16208,14,2,664.26,0
16209,58,5,2262.62,0
16210,0,15,14788.82,1
16211,58,1,547.02,0
16212,252,1,498.15000000000003,1
16213,48,1,159.0,0
16214,140,3,1062.75,0
16215,50,1,242.35,0
16216,236,1,914.9300000000001,0
16217,204,2,304.25,0
16218,84,6,2635.48,1
16221,6,3,864.86,0
16222,287,1,846.72,0
16224,26,4,1295.3,0
16225,14,5,1096.32,0
16226,172,3,255.12,0
16227,194,1,314.22,0
16229,56,2,1010.6,0
16230,159,2,542.03,0
16232,13,4,990.88,0
16233,40,3,536.6800000000001,0
16235,10,5,867.3100000000001,0
16236,47,1,432.2,0
16239,26,2,414.2,0
16240,46,1,1824.79,1
16241,1,12,1998.47,1
16242,1,5,2520.1,1
16243,3,2,409.1,0
16244,181,2,1522.75,0
16245,91,2,769.7,1
16247,139,1,114.56,0
16248,31,1,152.94,0
16249,22,5,1800.07,0
16250,230,2,389.44,0
16253,36,2,3683.86,0
16255,65,7,2182.79,1
16256,236,1,752.4300000000001,0
16257,146,1,46.95,0
16258,14,5,5203.51,0
16260,20,1,1035.45,0
16261,44,3,562.4300000000001,1
16265,12,8,4657.1,1
16266,43,7,861.89,0
16268,40,2,667.65,0
16270,322,1,1141.24,0
16271,95,3,893.03,1
16272,86,1,411.7,0
16274,342,1,357.95,0
16275,166,1,559.87,0
16276,146,1,810.6,0
16278,69,1,566.38,0
16279,56,2,730.98,1
16281,41,1,2062.06,0
16282,309,1,168.3,0
16283,37,4,1330.14,1
16284,0,2,823.97,0
16287,139,1,142.5,0
16292,91,1,302.25,0
16293,18,9,1906.16,1
16295,27,2,692.3,1
16297,238,1,301.9,0
16298,21,2,353.54,1
16302,96,1,233.22,0
16303,85,2,4036.33,1
16305,108,1,361.22,0
16306,183,6,632.27,0
16308,7,4,2560.0,0
16309,75,2,706.57,0
16311,18,1,401.55,1
16313,19,1,167.62,1
16315,300,1,226.37,0
16316,33,8,2938.91,0
16317,89,3,1341.65,0
16318,4,1,328.15000000000003,0
16319,187,1,404.40000000000003,0
16320,141,2,1038.46,0
16321,41,5,373.65000000000003,0
16322,5,1,213.08,1
16323,165,1,207.50000000000003,0
16324,97,3,428.68,0
16325,16,3,594.24,0
16326,3,12,2549.57,1
16327,49,5,3172.39,1
16330,81,2,48.96,1
16332,13,6,1390.89,1
16333,5,20,25079.6,1
16337,6,1,151.05,0
16338,126,1,214.8,0
16339,253,1,109.95,0
16340,76,1,549.07,0
16341,55,2,1531.89,1
16342,44,4,322.41,0
16344,127,1,101.10000000000001,0
16345,13,1,575.41,0
16347,5,1,444.29,1
16348,1,7,1469.45,0
16349,260,1,53.5,0
16350,34,3,1001.87,1
16351,302,1,153.9,0
16352,7,1,204.92000000000002,1
16353,1,19,5056.56,1
16354,32,2,395.8,0
16356,167,3,211.77,0
16357,2,3,658.88,0
16358,33,3,1594.3400000000001,1
16359,34,8,1640.19,1
16360,8,4,2012.35,1
16361,9,2,604.3,1
16362,1,5,734.77,0
16363,22,1,109.36000000000001,0
16364,106,1,347.55,1
16365,6,8,1143.77,1
16367,6,2,804.49,0
16369,50,2,851.69,1
16370,51,4,1320.56,0
16372,2,2,367.93,0
16374,35,2,473.03,0
16377,236,1,676.2,0
16378,216,3,362.95,0
16379,6,2,1302.68,1
16380,30,1,1780.59,0
16383,44,2,668.36,0
16384,59,2,584.5,0
16385,29,3,555.89,0
16386,223,1,61.10000000000001,1
16387,292,1,94.36,0
16389,22,4,1382.0700000000002,0
16392,239,1,221.19,0
16393,22,10,2119.63,1
16394,26,5,1555.34,0
16395,29,5,1486.9,0
16398,123,2,1705.8,0
16399,204,1,178.41,1
16400,64,1,303.93,0
16401,14,9,3079.96,1
16402,234,2,299.6,0
16403,281,1,177.5,0
16404,39,1,443.05,0
16405,271,2,167.25,0
16407,43,9,1794.76,1
16409,5,5,2028.88,0
16411,338,1,131.5,1
16412,23,1,151.83,0
16413,26,1,262.2,0
16414,249,1,50.8,1
16415,13,1,210.35,0
16416,12,2,678.72,1
16418,14,3,675.27,0
16419,82,6,972.23,0
16422,1,48,33330.9,1
16424,160,1,133.56,0
16425,271,1,302.7,0
16426,4,6,1155.91,1
16427,232,2,241.06,0
16429,75,1,284.55,0
16430,26,1,300.85,0
16431,182,3,642.81,0
16432,33,1,287.40000000000003,0
16434,3,6,1337.07,1
16438,5,3,468.03000000000003,1
16440,21,3,1808.83,1
16441,36,2,381.2,0
16442,197,2,437.03,1
16444,15,4,654.67,0
16445,3,1,230.51,0
16446,175,1,2.9,1
16447,105,1,259.01,0
16448,167,1,188.89000000000001,0
16449,167,2,707.69,0
16450,119,1,311.92,0
16451,57,1,266.97,0
16454,14,2,6.9,0
16455,33,7,1841.18,0
16456,68,5,2158.37,0
16457,187,1,208.36,0
16458,7,15,2863.98,1
16460,42,2,512.1,1
16461,147,1,151.42,0
16462,43,3,136.0,0
16463,21,3,1119.39,1
16464,49,2,998.25,1
16466,3,7,1603.46,0
16468,43,1,74.9,0
16469,56,3,462.72,1
16470,21,4,762.39,0
16471,244,1,223.95000000000002,0
16473,134,3,316.11,0
16474,20,5,1398.49,1
16475,57,4,544.3,0
16477,33,7,2494.46,0
16478,34,2,235.9,1
16480,45,1,769.29,0
16483,161,1,139.35,0
16484,143,2,404.3,0
16485,46,1,363.65,0
16488,2,3,498.8,0
16491,16,1,731.5,0
16493,49,4,1351.63,0
16494,266,1,826.53,0
16495,245,2,246.51,1
16496,177,2,1185.04,1
16497,19,6,2965.69,0
16498,130,2,100.97,0
16499,329,2,365.45,0
16500,5,3,250.32,1
16503,76,4,1431.93,0
16505,1,1,777.6,0
16506,9,1,55.2,1
16509,266,1,363.70000000000005,0
16510,341,1,248.1,0
16511,114,2,582.7,1
16513,12,1,108.45,1
16515,21,5,1627.13,0
16517,246,1,162.70000000000002,0
16518,30,2,484.32,0
16519,334,1,103.7,1
16520,155,3,1046.57,0
16523,2,18,7790.31,1
16525,6,24,12364.19,1
16526,141,1,290.36,0
16527,50,1,228.06,0
16529,159,1,455.25,0
16531,6,6,1112.64,1
16532,105,2,4516.8,1
16533,23,2,987.86,1
16536,79,1,548.97,0
16539,189,3,1053.61,1
16542,23,1,119.62,0
16545,134,1,339.3,0
16546,260,2,787.15,0
16549,0,6,2311.19,1
16550,78,5,2298.97,0
16551,65,3,922.12,0
16552,212,2,379.73,0
16553,132,12,5719.82,0
16554,11,3,837.1,0
16555,4,2,285.89,0
16556,36,7,3313.79,0
16557,106,1,101.15,1
16558,7,18,6888.46,1
16560,327,1,332.18,1
16561,29,1,264.96,1
16563,23,1,1077.74,0
16565,333,1,173.7,0
16566,26,4,502.28000000000003,1
16567,163,2,865.6,0
16570,1,9,3311.32,1
16571,145,2,896.79,1
16572,96,3,1009.6,0
16573,54,2,663.61,0
16574,40,1,451.44,0
16581,152,1,105.84,0
16582,82,1,313.62,0
16583,343,1,233.45,0
16584,49,2,936.08,0
16586,218,1,463.95,0
16587,201,1,225.15,0
16589,40,3,459.24,0
16591,38,1,213.5,0
16592,0,13,2729.34,1
16593,20,3,330.03,0
16594,44,1,181.09,0
16595,30,1,360.16,0
16596,335,1,120.65,1
16598,255,1,145.05,0
16600,43,3,353.2,1
16601,10,1,244.8,0
16602,5,1,528.08,0
16603,44,2,482.47,0
16607,7,13,3063.69,1
16609,57,6,4029.82,1
16610,188,1,75.66,0
16611,155,1,129.49,0
16612,2,4,1187.66,0
16613,39,1,618.59,0
16614,152,1,506.19,0
16616,126,1,210.10000000000002,1
16617,205,1,151.85,0
16618,0,5,2647.59,0
16619,233,1,226.21,0
16620,230,1,95.75999999999999,1
16621,21,4,813.48,0
16623,215,1,129.45000000000002,0
16624,50,2,810.57,0
16625,243,1,333.08,0
16626,0,13,3380.24,1
16627,48,1,322.8,0
16628,76,4,1619.8400000000001,1
16629,43,2,417.73,0
16633,8,5,2235.16,1
16634,192,2,217.9,0
16637,1,4,1154.47,0
16638,68,9,1550.94,1
16639,0,3,1257.51,0
16641,75,1,231.1,0
16642,177,1,307.73,1
16643,215,1,487.51,0
16644,147,2,833.78,0
16647,139,2,214.06,0
16648,12,1,290.66,0
16650,41,1,518.42,0
16652,28,7,6773.97,0
16653,40,1,1117.86,1
16654,110,4,601.27,0
16655,44,4,2911.2,1
16656,0,14,8330.66,1
16657,118,2,446.11,1
16658,337,1,123.24,0
16659,158,1,39.12,0
16660,180,2,384.36,1
16665,331,1,135.4,0
16667,37,2,570.13,0
16668,86,5,266.52,1
16669,47,2,729.49,1
16670,26,9,3581.75,1
16671,5,2,1539.63,1
16672,5,19,7864.9400000000005,1
16674,24,2,319.61,0
16676,3,4,1592.12,0
16678,6,9,2438.5,1
16679,335,1,129.75,0
16680,12,1,183.7,0
16681,42,6,1770.3400000000001,0
16682,26,4,917.14,1
16684,5,25,60058.78,1
16685,30,2,324.24,0
16686,16,7,3062.83,0
16688,12,2,831.52,1
16689,45,2,422.6,0
16690,41,2,225.58,0
16692,225,2,1276.0,0
16693,38,2,482.01,0
16696,104,4,657.9,0
16697,210,1,112.75,0
16698,196,2,1998.0,0
16700,50,11,4423.62,1
16701,14,12,4899.86,1
16705,8,15,12583.33,1
16706,6,3,531.35,0
16708,15,1,656.63,0
16709,54,5,3029.87,0
16710,43,8,2093.59,1
16711,109,3,909.87,1
16712,64,8,2499.86,1
16713,36,13,5302.01,1
16714,188,3,1161.53,0
16715,47,1,301.71999999999997,0
16716,236,2,901.2,0
16717,1,5,1862.8200000000002,1
16718,338,1,623.75,0
16719,44,6,1497.75,1
16721,231,1,292.47,0
16722,20,12,4421.45,1
16723,60,2,589.15,0
16725,271,7,781.02,0
16726,165,4,795.19,1
16727,333,1,272.82,0
16728,15,4,1054.67,0
16729,7,21,7239.92,0
16730,21,3,743.11,0
16732,1,1,603.75,0
16734,21,3,650.51,0
16735,48,5,2300.56,0
16737,22,1,417.6,0
16738,267,1,3.75,0
16739,146,1,323.0,0
16742,16,1,464.9,0
16743,82,6,1885.8600000000001,1
16744,3,6,1021.76,1
16745,56,17,7194.3,0
16746,5,15,5630.86,1
16747,7,2,836.0600000000001,0
16748,6,4,1249.2,1
16750,14,5,623.93,0
16751,0,1,1764.72,0
16752,342,1,207.5,0
16753,27,1,223.92000000000002,0
16754,341,1,2002.4,0
16755,83,3,1496.83,0
16756,184,1,239.4,0
16757,288,1,106.83000000000001,0
16758,34,1,369.34000000000003,0
16759,0,2,418.85,1
16761,66,1,316.62,0
16762,15,2,887.6,1
16763,168,1,611.8499999999999,0
16764,1,9,1929.13,1
16765,263,1,34.0,0
16766,242,2,1145.6,0
16767,0,11,5580.6,0
16768,17,3,478.09000000000003,0
16769,229,1,380.39,0
16770,27,5,770.1,0
16771,2,5,2246.81,0
16773,26,1,171.59,0
16774,37,4,661.52,0
16775,26,10,1566.51,1
16776,29,1,388.28,0
16777,49,2,226.35,0
16778,43,2,245.94,0
16779,1,17,8029.860000000001,1
16780,69,2,425.19,0
16781,341,1,311.25,0
16782,4,11,1959.5500000000002,1
16788,92,2,597.48,0
16790,1,3,1135.75,1
16791,29,6,1234.82,1
16792,251,2,110.38,0
16793,26,1,243.84,0
16794,16,6,832.6899999999999,1
16795,334,1,414.88,0
16796,58,1,305.62,0
16801,132,4,1619.73,0
16803,34,1,332.3,0
16804,239,1,118.05,1
16805,143,2,460.59000000000003,0
16806,72,4,801.49,0
16807,112,3,1121.59,0
16808,68,2,288.42,0
16809,31,4,620.37,1
16810,161,1,309.54,0
16812,330,1,479.35,0
16813,19,9,1544.44,1
16814,16,19,6027.36,1
16816,72,4,417.06,0
16817,2,8,1387.42,1
16818,40,10,3221.81,1
16820,65,1,497.61,0
16823,196,1,358.38,0
16824,133,1,222.9,1
16825,8,2,775.18,0
16826,20,1,341.7,0
16828,62,2,128.5,0
16829,126,1,197.22,0
16830,8,1,325.91,0
16832,153,3,199.15,0
16833,229,3,671.2900000000001,1
16834,197,1,413.46,0
16835,97,2,180.85,0
16836,9,2,251.87,0
16837,0,11,3170.98,0
16838,166,2,588.85,0
16839,0,30,14847.37,1
16841,6,6,1869.82,0
16842,70,3,1264.19,0
16843,12,16,10196.57,0
16846,19,1,214.32,0
16847,12,1,193.44,0
16848,22,1,281.42,0
16849,156,1,124.57,0
16850,303,1,332.41,0
16851,12,2,239.46,1
16852,145,1,113.06,1
16855,12,1,151.20000000000002,1
16858,338,1,375.69000000000005,0
16859,114,2,747.81,0
16861,29,2,173.76,0
16863,0,2,502.8,0
16866,110,3,207.74,0
16869,21,3,692.4,1
16871,58,5,2367.26,1
16872,46,3,680.02,0
16873,31,5,5268.79,1
16875,36,5,2095.53,0
16877,9,3,458.01,1
16878,53,1,13.3,0
16880,0,7,1519.08,0
16881,36,1,432.0,0
16882,36,3,705.12,0
16883,156,2,276.73,0
16884,7,2,429.84,0
16885,20,2,317.75,1
16887,4,1,194.88,0
16889,164,3,1578.67,0
16891,5,4,693.75,1
16892,153,1,102.97999999999999,1
16893,336,1,145.93,0
16895,34,1,219.14,0
16897,268,2,289.78,0
16898,146,2,319.46999999999997,1
16899,59,4,588.28,1
16900,32,1,752.68,1
16902,85,1,1706.88,0
16904,64,14,3049.07,1
16905,16,4,2059.7400000000002,1
16906,51,4,579.77,0
16907,117,4,711.88,1
16909,41,1,379.14,0
16910,21,6,1159.67,1
16912,37,10,2418.9500000000003,1
16913,259,1,113.44,0
16914,5,1,208.46,0
16915,13,5,512.0,1
16916,341,1,198.08,1
16917,246,1,391.52,0
16918,18,6,1068.82,0
16919,125,11,2596.45,0
16921,30,1,169.79,0
16923,10,16,6109.53,1
16924,34,2,523.65,1
16926,340,1,230.25,0
16927,85,3,543.05,0
16928,49,17,2847.6,0
16929,6,4,645.5,1
16930,37,2,207.11,1
16931,9,19,3893.69,1
16932,22,1,161.94,0
16933,208,1,224.73,1
16934,24,2,950.9300000000001,0
16938,149,3,2410.75,1
16940,21,3,3049.88,0
16942,3,8,1658.88,1
16943,181,3,816.73,0
16945,1,18,4040.8,1
16947,205,1,406.48,0
16948,108,3,435.02,0
16949,10,5,1204.23,1
16950,26,3,1178.56,0
16951,104,3,1277.75,0
16952,78,2,167.61,0
16954,29,5,1470.56,1
16955,154,4,518.67,0
16957,208,2,416.64,0
16959,56,1,117.35000000000001,0
16960,8,3,507.05,0
16961,85,1,234.17000000000002,0
16963,156,1,110.55000000000001,0
16965,196,1,201.19,0
16966,14,5,1489.81,1
16967,158,1,319.02,0
16968,77,1,253.31,1
16969,8,3,650.41,0
16971,7,1,357.21,0
16976,236,1,251.51999999999998,0
16978,46,1,344.33,0
16979,21,3,899.59,1
16980,224,2,1078.96,0
16982,30,1,384.06,0
16983,66,5,1190.3,1
16984,57,2,4481.35,0
16985,57,8,4080.44,1
16987,11,6,1393.12,1
16989,32,4,1027.65,1
16990,188,1,179.0,0
16992,6,4,1399.8600000000001,1
16996,90,5,1041.78,1
16997,257,3,702.0,0
16998,119,4,295.0,0
16999,43,1,245.82999999999998,1
17001,15,9,3224.29,1
17002,55,3,1493.73,0
17004,15,2,1412.94,0
17006,0,2,389.61,1
17007,20,6,889.9300000000001,0
17014,1,2,355.06,1
17015,40,2,1569.98,1
17017,13,16,6572.36,1
17018,10,2,920.1,0
17019,231,3,995.93,1
17022,0,1,71.0,0
17024,14,3,95.85,0
17025,30,3,357.77,0
17026,154,2,154.83,0
17027,48,6,890.29,0
17029,80,2,716.0,0
17030,33,1,146.87,0
17031,124,1,225.95,1
17033,55,3,1030.14,0
17034,49,2,364.88,1
17035,215,2,433.53000000000003,0
17037,57,1,1267.32,0
17040,107,1,449.73,0
17041,78,2,750.89,1
17042,90,4,922.8199999999999,1
17043,1,4,1735.18,0
17045,82,3,339.44,0
17046,126,1,642.02,0
17047,54,3,1100.9,0
17048,87,3,925.35,0
17049,22,7,4525.8,1
17050,65,6,3228.84,0
17051,163,1,247.14,0
17053,100,1,498.48,0
17054,107,4,1207.32,1
17058,51,3,1179.89,0
17059,79,4,2250.1,1
17060,235,1,234.24,0
17061,43,11,5232.2300000000005,0
17062,283,4,538.37,0
17063,27,6,1094.97,1
17064,28,3,859.35,0
17068,19,19,4242.36,1
17069,47,7,2058.91,1
17070,83,1,312.14,0
17071,29,8,1996.8700000000001,1
17073,22,3,1166.72,1
17075,222,3,696.07,1
17076,5,3,841.0799999999999,0
17078,5,2,378.2,0
17079,47,1,118.80000000000001,0
17080,239,1,76.32000000000001,1
17081,15,1,111.9,1
17082,2,2,2003.8500000000001,0
17083,78,3,1405.78,0
17084,4,2,2949.75,0
17085,92,5,1566.65,0
17086,0,4,1252.06,1
17088,42,3,1751.73,1
17090,21,6,1819.91,1
17091,1,8,3376.96,1
17092,19,4,1777.78,0
17094,291,1,302.0,0
17095,268,2,543.96,1
17096,27,3,707.55,1
17097,69,6,639.53,1
17101,21,2,899.73,1
17102,231,1,25.5,0
17105,128,2,665.78,0
17107,2,6,10815.43,0
17109,1,5,776.1800000000001,1
17110,134,1,163.29999999999998,0
17111,16,1,248.61,0
17114,2,7,717.73,1
17115,152,2,612.82,1
17117,257,1,116.2,0
17118,287,1,157.02,0
17119,29,1,547.25,1
17120,202,1,307.46,0
17122,88,1,138.32,0
17123,131,1,345.3,0
17124,154,1,298.89,0
17125,19,1,259.35,0
17126,121,5,1004.75,0
17128,304,1,157.09,0
17131,2,4,1395.8400000000001,1
17133,3,5,4537.29,1
17134,76,2,425.0,0
17135,7,5,890.03,1
17138,245,1,380.5,0
17139,8,11,10199.95,1
17140,216,1,465.32,0
17142,208,1,579.0,0
17144,53,1,595.89,1
17146,75,3,749.78,0
17147,50,3,1349.3,1
17148,21,1,124.88,0
17152,164,3,1689.5,0
17154,44,1,329.34,0
17155,147,1,143.3,1
17157,145,1,161.46,1
17158,1,3,1266.97,0
17159,44,2,926.67,1
17160,0,6,3518.03,0
17162,100,9,1463.66,1
17163,47,1,123.10000000000001,1
17164,2,7,2467.35,0
17165,253,1,158.68,0
17166,8,2,206.34,0
17169,27,2,835.78,0
17171,258,1,224.91,0
17172,48,1,317.76,0
17173,12,5,1924.32,1
17174,187,1,59.9,0
17175,13,4,1443.69,0
17176,171,1,306.13,0
17179,147,3,711.79,0
17180,25,4,796.03,0
17181,26,2,239.92000000000002,0
17183,2,4,2185.6,1
17186,16,2,144.0,0
17187,196,1,203.95,0
17188,133,5,1815.09,1
17189,75,2,384.4,0
17190,28,2,444.74,0
17191,64,6,1562.96,1
17193,5,7,1699.3,0
17194,243,2,262.62,0
17198,334,2,521.66,1
17201,23,1,342.63,0
17203,5,6,3563.85,0
17204,144,4,1564.56,0
17205,23,1,384.08,0
17206,22,1,204.24,0
17211,17,7,1884.22,1
17212,222,1,226.85,0
17213,9,7,2781.23,0
17214,29,6,1069.1200000000001,0
17217,203,1,113.5,0
17218,40,7,1360.6,1
17219,1,1,114.23,0
17220,15,12,2904.47,1
17221,5,1,132.28,1
17222,34,1,354.15,0
17223,279,2,426.79,0
17226,278,1,393.49,0
17227,30,5,720.3100000000001,1
17228,33,6,1488.56,1
17229,65,2,318.76,0
17230,233,8,3638.41,0
17231,33,8,2319.79,1
17233,4,1,190.88,0
17234,152,1,149.89,0
17235,341,1,341.90000000000003,1
17236,148,5,697.73,1
17238,20,13,2510.51,1
17239,282,1,382.5,0
17242,77,2,1135.04,0
17243,8,19,5492.79,1
17244,22,1,954.9,0
17245,174,1,171.45000000000002,0
17248,89,1,318.65,0
17250,230,1,162.65,1
17251,332,1,283.28000000000003,0
17252,86,2,353.86,0
17255,10,2,298.41,0
17256,76,2,240.0,0
17259,117,2,603.37,0
17262,21,5,1253.3600000000001,0
17263,177,1,63.440000000000005,0
17265,108,2,562.9,0
17266,117,1,113.06,1
17267,96,2,317.62,0
17268,77,4,763.64,0
17272,11,4,2148.63,0
17274,4,1,111.98,0
17277,197,2,1065.3500000000001,0
17278,210,1,246.04000000000002,0
17279,27,1,187.82999999999998,0
17282,99,3,1703.41,0
17284,29,6,1652.58,0
17287,43,6,880.3,1
17288,176,5,663.7,1
17289,1,3,944.41,0
17291,277,1,550.8000000000001,0
17293,27,7,1353.68,1
17295,34,1,279.36,1
17298,70,2,498.42,0
17299,58,3,578.05,1
17302,1,4,997.08,1
17303,330,1,250.04,0
17306,6,17,7586.16,1
17309,64,1,82.75,0
17311,47,2,1384.85,0
17312,108,3,644.3,0
17313,0,1,2328.84,0
17314,27,6,2177.55,1
17315,7,35,5535.68,1
17317,15,3,2600.34,0
17320,69,3,1200.6200000000001,0
17321,37,1,659.61,1
17323,31,5,696.0699999999999,1
17324,301,2,702.23,1
17325,249,1,96.8,0
17329,284,1,243.36,1
17330,37,1,264.9,1
17331,93,1,175.2,0
17333,55,1,494.25,0
17334,271,2,307.02000000000004,0
17337,120,4,2027.8700000000001,0
17338,83,7,5207.02,1
17339,63,2,243.36,0
17340,49,10,8459.5,1
17341,126,3,781.36,0
17343,324,1,193.64,0
17344,15,1,160.57,0
17345,62,3,284.13,1
17346,8,12,2180.44,1
17347,55,1,228.96,0
17348,5,3,772.18,1
17349,148,1,110.75,0
17350,15,2,891.09,1
17351,5,3,587.15,0
17353,98,2,1740.0,0
17354,20,1,1393.06,0
17356,281,1,178.22,0
17358,272,2,365.85,0
17360,153,1,330.95,1
17361,18,3,488.2,0
17362,208,2,312.23,0
17364,106,6,2633.81,1
17365,20,7,4375.19,1
17367,207,1,168.4,0
17368,2,7,1802.59,1
17370,42,4,446.18,0
17371,330,1,97.63,1
17372,10,8,1342.68,0
17373,9,4,646.92,0
17374,188,2,495.77,0
17375,168,3,400.1,0
17376,40,2,203.2,0
17377,0,18,3780.36,1
17381,36,27,19372.01,1
17382,34,1,65.4,0
17384,188,1,227.64999999999998,1
17386,68,5,1697.3400000000001,1
17387,3,1,346.44,1
17388,47,4,1259.56,0
17389,2,29,21733.38,1
17391,133,2,508.8,0
17392,276,2,457.91,0
17394,188,1,203.86999999999998,0
17396,8,8,7330.8,0
17398,84,3,653.38,0
17400,95,5,2129.96,0
17402,20,11,2034.1499999999999,1
17403,5,1,281.62,0
17404,23,13,30430.34,1
17405,42,2,883.01,1
17406,302,3,2200.42,0
17408,132,1,32.65,0
17409,154,2,771.85,0
17410,7,4,978.38,1
17411,45,2,569.44,1
17412,29,5,870.22,1
17414,13,2,778.0,0
17415,48,1,507.84,0
17416,47,6,5878.81,1
17418,11,2,463.46000000000004,0
17419,8,10,3443.96,1
17420,19,3,598.83,0
17422,62,5,1698.97,1
17423,15,2,698.41,0
17425,30,1,688.97,1
17426,60,4,4280.59,1
17427,41,1,100.8,0
17428,7,25,16235.45,1
17429,97,3,524.9200000000001,0
17430,2,2,265.76,0
17431,282,1,403.3,0
17432,6,1,175.89000000000001,1
17433,57,1,303.16,0
17434,6,3,1141.23,1
17436,196,1,122.4,1
17438,223,1,388.45000000000005,0
17440,126,3,186.42000000000002,0
17442,6,6,2248.56,0
17443,189,1,534.24,0
17444,117,3,2940.04,0
17446,146,2,120.89999999999999,0
17447,9,2,541.53,0
17449,14,6,2095.17,1
17450,5,37,174188.76,1
17451,25,4,1050.25,1
17453,33,1,342.0,1
17454,161,4,517.53,0
17455,173,1,131.7,0
17456,334,1,249.86,0
17457,96,5,1737.7,0
17459,12,2,657.3,0
17460,63,6,622.4300000000001,0
17462,29,2,675.69,0
17463,18,4,1698.1,1
17464,127,1,289.96000000000004,0
17466,48,1,460.41,1
17469,42,4,1492.07,1
17470,14,5,1125.07,0
17472,160,3,710.29,0
17475,48,1,194.37,0
17480,47,1,511.82,0
17481,5,2,665.63,1
17483,34,3,414.04,0
17486,230,1,396.87,0
17489,28,2,376.64,0
17490,33,4,1321.22,1
17491,6,8,2784.45,1
17492,217,1,374.57,0
17495,8,1,342.59000000000003,1
17496,328,1,271.05,0
17498,45,1,272.21999999999997,0
17499,259,1,622.88,0
17501,190,2,288.6,0
17503,8,1,340.43,1
17504,175,9,2997.03,0
17505,130,2,1145.8400000000001,0
17506,45,1,302.2,0
17507,231,2,605.58,0
17508,250,1,387.31,0
17509,27,8,6115.14,0
17511,0,28,79726.38,1
17512,20,9,2473.31,1
17513,41,1,513.2,0
17514,97,1,208.65,0
17515,0,4,639.02,0
17516,88,4,608.85,1
17517,278,1,153.94,0
17519,103,5,1488.0,1
17520,23,1,546.81,0
17521,34,2,497.75,1
17522,108,4,912.25,1
17524,330,1,145.0,0
17525,329,1,422.7,0
17526,260,3,872.8,1
17527,23,4,939.37,0
17528,12,5,2511.74,1
17530,12,8,1990.49,1
17531,159,1,296.7,0
17534,23,1,223.36,0
17535,249,1,164.4,0
17536,146,1,76.5,0
17537,272,1,630.7,1
17540,285,1,268.8,1
17542,239,1,170.75,0
17545,12,3,645.96,0
17548,203,1,103.3,0
17549,21,1,28.2,1
17550,166,3,267.16,0
17551,328,1,306.84,0
17552,29,4,930.41,0
17553,99,1,1487.6,0
17554,28,3,1460.03,1
17555,304,1,195.45,1
17556,175,1,157.9,0
17557,13,2,439.16,1
17560,64,4,854.95,0
17562,20,6,956.6800000000001,1
17564,13,2,243.46,1
17567,26,7,3913.48,1
17569,301,1,344.14,0
17571,19,4,1498.51,0
17572,40,4,226.75000000000003,0
17573,54,2,182.21,1
17574,212,1,185.65,0
17576,7,18,3227.68,1
17578,187,1,143.45999999999998,0
17579,107,2,270.86,1
17580,222,3,215.72,0
17581,2,22,10060.36,1
17582,205,1,175.27,0
17584,96,1,749.45,1
17585,78,4,1133.07,0
17588,69,3,1240.2,0
17589,29,4,2404.17,0
17590,9,1,349.38,1
17591,42,7,2225.9700000000003,0
17593,61,4,3249.14,1
17594,54,2,993.1800000000001,0
17595,6,1,157.9,1
17596,14,6,2532.76,1
17597,183,1,2044.3700000000001,0
17601,208,1,116.00999999999999,0
17602,12,4,3244.92,1
17603,47,1,394.72,0
17604,186,2,309.36,0
17608,2,2,193.42,0
17609,10,5,1112.22,0
17611,0,13,3678.17,1
17612,22,6,2048.45,0
17613,13,12,4262.25,1
17614,26,1,390.07,0
17615,99,3,329.6,0
17616,143,3,571.1999999999999,0
17618,217,2,666.78,1
17619,281,1,218.52,0
17620,29,1,81.44,0
17621,281,2,901.7800000000001,1
17623,2,1,527.05,0
17624,187,1,400.3,1
17625,21,3,1619.2,1
17628,50,1,75.75,0
17629,36,6,1392.17,1
17630,139,2,503.6,0
17631,106,2,416.5,1
17633,0,4,1324.84,0
17634,5,9,2361.9700000000003,0
17637,0,2,547.0600000000001,0
17639,245,1,108.5,0
17640,56,1,621.66,0
17642,89,2,712.29,0
17643,342,1,101.55,0
17644,5,10,2562.88,1
17646,188,3,1008.39,0
17647,34,1,133.06,0
17648,30,4,1797.5,0
17649,107,1,868.49,0
17651,1,9,3653.05,1
17652,4,11,4583.6,1
17653,6,4,1207.56,0
17654,246,1,117.55,0
17655,9,6,2191.2,1
17656,42,5,1674.69,0
17658,180,1,317.6,1
17659,28,10,1961.89,1
17660,110,1,196.0,0
17663,7,6,1499.28,1
17664,181,1,326.19,1
17666,35,1,409.08,1
17667,35,5,2055.51,0
17668,7,1,161.85,1
17669,12,7,3406.7200000000003,0
17670,197,1,205.7,0
17671,127,3,1098.55,1
17672,19,2,3178.17,0
17673,36,5,1516.65,1
17674,43,2,551.04,0
17675,6,27,17073.39,1
17676,27,5,1040.08,1
17677,5,27,15018.23,1
17678,233,1,298.11,0
17679,22,2,1992.1100000000001,0
17682,84,5,1899.3500000000001,1
17684,13,1,239.41,0
17685,58,6,2799.13,1
17686,50,6,5110.09,1
17690,4,14,4253.42,1
17691,327,2,290.40000000000003,0
17692,96,4,740.94,0
17693,106,1,200.47,0
17694,111,1,283.12,0
17695,101,2,765.34,0
17696,7,8,2285.71,0
17697,205,1,338.95,0
17698,230,1,154.95,0
17700,64,3,1681.83,1
17701,222,1,417.95,0
17702,78,3,1338.77,1
17703,4,3,798.74,0
17704,138,2,885.19,0
17705,44,7,1191.92,1
17706,13,16,9728.65,1
17707,154,2,152.4,0
17708,157,2,267.08,0
17709,139,1,137.45,0
17711,259,1,220.53000000000003,1
17712,14,1,522.91,0
17714,290,1,153.0,0
17715,170,1,326.4,0
17716,45,9,5002.31,1
17718,201,1,139.35,0
17719,7,15,5396.04,0
17720,82,3,887.6,1
17722,65,4,2424.04,0
17723,96,6,3276.4000000000005,0
17724,40,3,1033.0,0
17725,10,10,3119.75,1
17728,35,2,2288.16,1
17730,12,11,4310.77,1
17731,48,4,1240.11,0
17732,342,1,303.97,0
17733,8,2,692.19,0
17734,23,3,700.63,0
17735,6,18,12216.42,1
17736,12,2,347.44,1
17737,27,1,87.39,1
17738,118,3,1571.49,1
17739,7,6,2402.07,1
17742,82,2,355.11,0
17744,220,4,1288.96,1
17746,209,1,110.25,0
17747,82,1,71.4,0
17749,147,2,674.52,0
17750,5,8,1684.25,1
17752,328,1,80.64,0
17754,7,4,1571.27,1
17757,1,24,4156.02,1
17758,21,6,2772.9900000000002,1
17759,138,2,167.15,1
17760,342,1,172.54,1
17761,2,1,712.78,0
17763,232,1,15.0,0
17764,20,2,818.82,0
17765,128,3,371.88,0
17768,2,2,1411.33,1
17769,3,7,3211.9300000000003,1
17770,168,5,1143.27,0
17771,26,2,245.81,0
17774,66,4,1225.41,0
17775,224,1,56.4,0
17777,8,2,450.95,1
17779,57,2,489.51,1
17781,128,2,188.02,0
17783,41,2,283.47,0
17785,22,1,131.94,0
17786,54,2,278.74,0
17787,122,4,1865.19,0
17788,43,2,1117.9,0
17789,250,1,225.9,0
17790,30,13,1692.04,1
17795,149,2,350.39,0
17796,9,4,697.9,0
17797,152,1,272.41,1
17799,68,9,2531.75,1
17800,6,9,1199.01,0
17802,51,3,1285.04,0
17805,43,1,512.31,0
17809,25,10,4975.51,1
17811,1,33,6338.49,1
17812,7,2,261.02,1
17813,7,4,1568.41,1
17816,6,4,36.56,0
17817,246,2,269.7,1
17819,41,7,3704.87,0
17824,20,1,298.4,0
17827,211,4,1583.81,1
17828,79,3,1076.66,1
17829,268,1,889.24,0
17830,231,2,287.65000000000003,1
17831,2,1,35.400000000000006,0
17832,19,1,155.37,0
17836,16,1,110.21000000000001,0
17837,11,8,1593.38,0
17838,58,4,2312.7000000000003,1
17839,11,1,338.8,0
17841,0,110,33499.22,1
17843,272,1,205.48,0
17844,76,1,51.559999999999995,0
17846,54,1,2033.1,0
17848,50,9,901.2,0
17849,187,4,605.8000000000001,0
17850,341,34,5391.21,0
17854,154,2,311.26,0
17855,342,1,208.97,0
17856,202,3,1142.63,1
17857,2,19,20283.44,1
17858,23,11,4391.94,1
17859,274,1,148.21,0
17860,338,1,252.8,0
17861,105,5,1301.57,1
17862,293,1,330.9,0
17863,28,6,3160.0,0
17864,58,2,480.72,1
17865,0,20,10526.32,0
17866,112,1,329.65000000000003,0
17867,113,4,957.48,1
17869,76,5,428.18,0
17870,1,10,1253.42,1
17871,174,1,155.9,0
17873,49,5,1859.16,0
17874,154,6,683.46,0
17877,139,1,237.61,0
17878,13,1,379.45,0
17879,143,1,178.52,0
17880,334,1,458.92,0
17881,273,1,133.35,0
17883,55,2,197.8,1
17884,281,3,602.84,1
17886,1,3,899.61,0
17887,98,1,111.35,0
17888,7,7,654.05,1
17889,181,2,203.87,0
17890,292,2,602.09,0
17891,131,1,203.85999999999999,0
17892,25,3,244.1,0
17893,194,1,112.25,0
17894,41,8,1119.81,0
17895,13,1,98.0,0
17897,142,3,566.6,0
17898,54,2,152.06,0
17899,128,1,155.8,0
17900,159,2,112.19999999999999,0
17905,40,4,800.24,0
17906,216,1,72.9,0
17908,343,1,243.28,0
17912,279,5,311.01,0
17913,28,2,411.6,0
17917,14,3,341.28,0
17919,57,1,1304.04,0
17920,2,12,3210.34,1
17921,33,4,826.52,0
17923,251,1,207.50000000000003,0
17924,8,5,2669.94,1
17925,342,1,244.08,0
17926,102,2,397.29,0
17928,14,2,212.54,0
17929,82,3,707.0,1
17930,5,5,1740.48,0
17931,103,2,408.36,0
17932,143,2,934.51,1
17934,21,2,704.25,0
17935,107,2,145.79,0
17937,0,6,3940.92,1
17939,129,1,99.14,0
17940,18,10,4106.4400000000005,0
17941,100,1,304.56,0
17946,202,2,149.57999999999998,0
17947,6,1,176.68,0
17948,116,1,358.56000000000006,0
17949,12,39,54915.76,1
17950,41,3,482.2,0
17951,9,3,1008.5400000000001,0
17954,37,11,2039.76,1
17955,168,4,557.3,0
17956,218,1,12.75,0
17957,35,1,111.68,0
17958,86,1,508.46000000000004,0
17960,140,1,73.78,0
17961,0,37,1279.79,1
17962,111,1,102.83,0
17964,1,2,471.7,0
17965,7,14,2622.57,0
17966,7,5,1098.43,0
17967,341,1,123.07,0
17968,343,1,277.35,0
17969,135,2,228.2,0
17970,180,1,582.59,0
17972,211,1,136.04,0
17973,21,1,337.04,0
17974,13,2,308.32,1
17975,33,12,4241.19,1
17976,341,1,353.19,0
17978,334,1,300.91999999999996,0
17979,5,4,757.71,0
17980,135,3,811.45,0
17984,114,1,152.68,0
17986,25,1,20.8,0
17987,154,1,198.57,0
17988,86,5,146.0,1
17990,206,3,630.84,0
17991,194,2,93.35,0
17994,91,4,678.49,0
17995,251,1,76.1,0
17997,43,8,1970.67,0
17999,6,2,382.06,0
18001,56,1,252.23,1
18004,331,1,169.47,0
18005,16,1,139.97,1
18008,39,9,2116.19,0
18009,204,1,257.34,0
18010,226,1,174.8,0
18011,342,1,102.78999999999999,0
18013,124,2,187.29,0
18016,1,5,1483.56,0
18017,50,3,523.0,0
18018,77,2,122.14,0
18019,21,1,38.45,0
18022,5,1,668.11,0
18024,122,2,389.78,0
18027,68,1,115.31,0
18030,11,1,121.1,1
18032,303,1,73.5,0
18033,34,1,97.97,0
18035,5,3,730.4,0
18036,1,3,405.62,0
18037,123,6,70.02,0
18040,215,1,239.00000000000003,1
18041,6,19,3695.05,1
18042,23,1,165.04999999999998,0
18043,176,2,451.81,1
18044,6,9,1877.7,1
18045,14,1,189.4,0
18048,172,2,172.29000000000002,0
18050,328,1,74.4,0
18053,40,1,300.02,0
18055,9,9,5920.42,1
18056,257,1,363.65,0
18059,13,2,219.86,1
18061,35,9,2027.01,1
18062,142,3,720.52,0
18064,102,2,814.0,0
18065,56,11,1949.19,1
18066,44,1,318.0,0
18067,9,1,396.33,0
18068,258,1,101.7,0
18069,57,4,1781.97,1
18071,227,2,453.0,0
18072,155,1,247.44,0
18073,83,12,3877.5200000000004,0
18074,343,1,489.6,0
18075,29,9,2257.77,1
18077,3,10,2377.67,1
18078,186,2,336.13,0
18079,14,4,3651.97,0
18080,212,1,841.4999999999999,1
18081,5,3,343.45,0
18085,299,2,689.95,0
18086,243,1,101.34,0
18087,67,2,4055.7200000000003,0
18088,30,1,167.67000000000002,0
18092,8,10,8506.42,1
18093,62,4,2106.52,0
18094,51,7,3017.3,0
18095,281,2,580.05,0
18096,26,2,622.71,1
18097,96,5,2011.4,1
18099,96,1,168.31,0
18101,112,1,110.23,1
18102,5,56,247885.68,1
18104,6,1,754.64,0
18105,7,1,113.48000000000002,0
18106,299,1,430.7,0
18108,223,1,271.0,0
18109,0,22,6159.72,1
18112,135,1,196.64,1
18113,338,1,76.32000000000001,0
18114,259,1,220.1,0
18116,37,8,1418.03,0
18118,14,23,4991.79,1
18119,337,1,181.12,0
18120,183,1,111.15,0
18121,118,2,673.1,0
18122,5,4,962.48,1
18123,0,1,323.47999999999996,1
18125,171,3,945.14,1
18126,30,1,206.83,0
18127,103,1,139.6,1
18129,212,1,112.55000000000001,0
18130,26,1,313.86,1
18133,181,1,931.5,0
18135,1,4,552.31,1
18136,32,3,784.33,0
18138,264,1,152.65,0
18142,126,2,1019.52,0
18143,86,2,1000.16,0
18144,0,11,2656.75,1
18145,57,3,2103.25,1
18146,110,2,160.35,0
18147,15,2,179.34,0
18149,20,3,612.0799999999999,0
18150,1,3,566.58,0
18151,104,2,653.35,0
18154,13,1,220.49,1
18155,44,3,371.62,0
18156,339,1,206.23000000000002,1
18158,58,1,343.8,1
18159,270,1,530.15,0
18160,26,2,638.0600000000001,0
18161,34,4,1156.69,1
18164,6,1,399.65,0
18165,146,1,302.46,0
18167,4,2,889.08,1
18168,145,6,1169.94,0
18169,30,1,202.65,0
18170,2,3,980.3100000000001,0
18171,28,5,1231.31,0
18172,0,19,7153.68,1
18173,56,4,2106.84,0
18176,327,1,476.35,0
18177,0,6,1341.42,0
18178,98,4,1590.81,0
18179,22,5,1572.59,1
18180,29,5,1533.02,1
18183,196,2,632.07,0
18185,218,1,304.25,0
18188,46,2,1608.28,1
18189,47,2,1090.24,0
18190,161,2,284.46000000000004,0
18191,231,1,207.8,0
18192,41,1,957.97,0
18193,134,1,243.76,0
18194,51,1,973.84,0
18196,64,2,689.13,0
18198,0,16,5107.110000000001,1
18200,75,1,163.8,0
18202,169,3,1396.99,0
18203,126,1,160.42000000000002,0
18204,40,3,1993.7,0
18205,5,2,517.36,0
18210,20,2,1400.77,1
18211,12,4,550.87,1
18212,295,1,248.42,0
18213,206,1,232.48000000000002,0
18215,58,1,299.34000000000003,0
18216,0,1,481.75,0
18217,40,1,317.9,1
18218,180,2,662.08,0
18219,12,9,1827.4,1
18220,196,1,305.28,0
18221,33,4,878.66,1
18222,62,1,443.0,0
18223,9,13,5905.82,1
18224,233,1,158.95000000000002,0
18225,12,9,4452.14,1
18226,13,11,5228.05,0
18227,187,1,93.75,0
18228,26,2,779.9,0
18229,1,18,6591.2,1
18230,63,5,2146.36,1
18231,161,5,2083.27,0
18232,51,4,592.97,0
18233,295,1,440.0,0
18235,41,3,1796.48,0
18236,49,5,773.74,1
18237,34,4,861.35,1
18239,188,5,1561.6100000000001,0
18240,15,1,422.58,0
18241,19,16,1955.55,1
18242,41,4,2232.4900000000002,0
18245,118,6,1672.81,1
18246,202,1,232.9,1
18248,92,2,804.02,0
18250,279,1,349.27,0
18251,56,1,4314.72,0
18252,20,2,526.67,0
18255,58,1,103.30000000000001,0
18257,8,8,2337.63,0
18259,54,2,1268.2,1
18260,142,6,2643.2000000000003,0
18261,12,2,324.24,0
18262,109,1,149.48,0
18263,125,2,811.4,1
18265,41,2,801.51,0
18268,103,1,25.5,0
18269,335,1,168.60000000000002,0
18270,7,2,283.15000000000003,0
18272,15,5,2710.7000000000003,1
18273,65,2,153.0,1
18276,13,1,335.86,0
18277,27,1,110.38,0
18278,43,1,173.9,0
18280,247,1,180.60000000000002,0
18281,150,1,80.82,0
18282,95,1,100.21000000000001,1
18283,12,11,1235.32,1
18287,12,3,1837.28,0
